[
    { "VALUE": "1", "LABEL": "Alexander City" },
    { "VALUE": "2", "LABEL": "Andalusia" },
    { "VALUE": "3", "LABEL": "Anniston" },
    { "VALUE": "4", "LABEL": "Athens" },
    { "VALUE": "5", "LABEL": "Atmore" },
    { "VALUE": "6", "LABEL": "Auburn" },
    { "VALUE": "7", "LABEL": "Bessemer" },
    { "VALUE": "8", "LABEL": "Birmingham" },
    { "VALUE": "9", "LABEL": "Chickasaw" },
    { "VALUE": "10", "LABEL": "Clanton" },
    { "VALUE": "11", "LABEL": "Cullman" },
    { "VALUE": "12", "LABEL": "Decatur" },
    { "VALUE": "13", "LABEL": "Demopolis" },
    { "VALUE": "14", "LABEL": "Dothan" },
    { "VALUE": "15", "LABEL": "Enterprise" },
    { "VALUE": "16", "LABEL": "Eufaula" },
    { "VALUE": "17", "LABEL": "Florence" },
    { "VALUE": "18", "LABEL": "Fort Payne" },
    { "VALUE": "19", "LABEL": "Gadsden" },
    { "VALUE": "20", "LABEL": "Greenville" },
    { "VALUE": "21", "LABEL": "Guntersville" },
    { "VALUE": "22", "LABEL": "Huntsville" },
    { "VALUE": "23", "LABEL": "Jasper" },
    { "VALUE": "24", "LABEL": "Marion" },
    { "VALUE": "25", "LABEL": "Mobile" },
    { "VALUE": "26", "LABEL": "Montgomery" },
    { "VALUE": "27", "LABEL": "Opelika" },
    { "VALUE": "28", "LABEL": "Ozark" },
    { "VALUE": "29", "LABEL": "Phenix City" },
    { "VALUE": "30", "LABEL": "Prichard" },
    { "VALUE": "31", "LABEL": "Scottsboro" },
    { "VALUE": "32", "LABEL": "Selma" },
    { "VALUE": "33", "LABEL": "Sheffield" },
    { "VALUE": "34", "LABEL": "Sylacauga" },
    { "VALUE": "35", "LABEL": "Talladega" },
    { "VALUE": "36", "LABEL": "Troy" },
    { "VALUE": "37", "LABEL": "Tuscaloosa" },
    { "VALUE": "38", "LABEL": "Tuscumbia" },
    { "VALUE": "39", "LABEL": "Tuskegee" },
    { "VALUE": "40", "LABEL": "Anchorage" },
    { "VALUE": "41", "LABEL": "Cordova" },
    { "VALUE": "42", "LABEL": "Fairbanks" },
    { "VALUE": "43", "LABEL": "Haines" },
    { "VALUE": "44", "LABEL": "Homer" },
    { "VALUE": "45", "LABEL": "Juneau" },
    { "VALUE": "46", "LABEL": "Ketchikan" },
    { "VALUE": "47", "LABEL": "Kodiak" },
    { "VALUE": "48", "LABEL": "Kotzebue" },
    { "VALUE": "49", "LABEL": "Nome" },
    { "VALUE": "50", "LABEL": "Palmer" },
    { "VALUE": "51", "LABEL": "Seward" },
    { "VALUE": "52", "LABEL": "Sitka" },
    { "VALUE": "53", "LABEL": "Skagway" },
    { "VALUE": "54", "LABEL": "Valdez" },
    { "VALUE": "55", "LABEL": "Ajo" },
    { "VALUE": "56", "LABEL": "Avondale" },
    { "VALUE": "57", "LABEL": "Bisbee" },
    { "VALUE": "58", "LABEL": "Casa Grande" },
    { "VALUE": "59", "LABEL": "Chandler" },
    { "VALUE": "60", "LABEL": "Clifton" },
    { "VALUE": "61", "LABEL": "Douglas" },
    { "VALUE": "62", "LABEL": "Flagstaff" },
    { "VALUE": "63", "LABEL": "Florence" },
    { "VALUE": "64", "LABEL": "Gila Bend" },
    { "VALUE": "65", "LABEL": "Glendale" },
    { "VALUE": "66", "LABEL": "Globe" },
    { "VALUE": "67", "LABEL": "Kingman" },
    { "VALUE": "68", "LABEL": "Lake Havasu City" },
    { "VALUE": "69", "LABEL": "Mesa" },
    { "VALUE": "70", "LABEL": "Nogales" },
    { "VALUE": "71", "LABEL": "Oraibi" },
    { "VALUE": "72", "LABEL": "Phoenix" },
    { "VALUE": "73", "LABEL": "Prescott" },
    { "VALUE": "74", "LABEL": "Scottsdale" },
    { "VALUE": "75", "LABEL": "Sierra Vista" },
    { "VALUE": "76", "LABEL": "Tempe" },
    { "VALUE": "77", "LABEL": "Tombstone" },
    { "VALUE": "78", "LABEL": "Tucson" },
    { "VALUE": "79", "LABEL": "Walpi" },
    { "VALUE": "80", "LABEL": "Window Rock" },
    { "VALUE": "81", "LABEL": "Winslow" },
    { "VALUE": "82", "LABEL": "Yuma" },
    { "VALUE": "83", "LABEL": "Arkadelphia" },
    { "VALUE": "84", "LABEL": "Arkansas Post" },
    { "VALUE": "85", "LABEL": "Batesville" },
    { "VALUE": "86", "LABEL": "Benton" },
    { "VALUE": "87", "LABEL": "Blytheville" },
    { "VALUE": "88", "LABEL": "Camden" },
    { "VALUE": "89", "LABEL": "Conway" },
    { "VALUE": "90", "LABEL": "Crossett" },
    { "VALUE": "91", "LABEL": "El Dorado" },
    { "VALUE": "92", "LABEL": "Fayetteville" },
    { "VALUE": "93", "LABEL": "Forrest City" },
    { "VALUE": "94", "LABEL": "Fort Smith" },
    { "VALUE": "95", "LABEL": "Harrison" },
    { "VALUE": "96", "LABEL": "Helena" },
    { "VALUE": "97", "LABEL": "Hope" },
    { "VALUE": "98", "LABEL": "Hot Springs" },
    { "VALUE": "99", "LABEL": "Jacksonville" },
    { "VALUE": "100", "LABEL": "Jonesboro" },
    { "VALUE": "101", "LABEL": "Little Rock" },
    { "VALUE": "102", "LABEL": "Magnolia" },
    { "VALUE": "103", "LABEL": "Morrilton" },
    { "VALUE": "104", "LABEL": "Newport" },
    { "VALUE": "105", "LABEL": "North Little Rock" },
    { "VALUE": "106", "LABEL": "Osceola" },
    { "VALUE": "107", "LABEL": "Pine Bluff" },
    { "VALUE": "108", "LABEL": "Rogers" },
    { "VALUE": "109", "LABEL": "Searcy" },
    { "VALUE": "110", "LABEL": "Stuttgart" },
    { "VALUE": "111", "LABEL": "Van Buren" },
    { "VALUE": "112", "LABEL": "West Memphis" },
    { "VALUE": "113", "LABEL": "Alameda" },
    { "VALUE": "114", "LABEL": "Alhambra" },
    { "VALUE": "115", "LABEL": "Anaheim" },
    { "VALUE": "116", "LABEL": "Antioch" },
    { "VALUE": "117", "LABEL": "Arcadia" },
    { "VALUE": "118", "LABEL": "Bakersfield" },
    { "VALUE": "119", "LABEL": "Barstow" },
    { "VALUE": "120", "LABEL": "Belmont" },
    { "VALUE": "121", "LABEL": "Berkeley" },
    { "VALUE": "122", "LABEL": "Beverly Hills" },
    { "VALUE": "123", "LABEL": "Brea" },
    { "VALUE": "124", "LABEL": "Buena Park" },
    { "VALUE": "125", "LABEL": "Burbank" },
    { "VALUE": "126", "LABEL": "Calexico" },
    { "VALUE": "127", "LABEL": "Calistoga" },
    { "VALUE": "128", "LABEL": "Carlsbad" },
    { "VALUE": "129", "LABEL": "Carmel" },
    { "VALUE": "130", "LABEL": "Chico" },
    { "VALUE": "131", "LABEL": "Chula Vista" },
    { "VALUE": "132", "LABEL": "Claremont" },
    { "VALUE": "133", "LABEL": "Compton" },
    { "VALUE": "134", "LABEL": "Concord" },
    { "VALUE": "135", "LABEL": "Corona" },
    { "VALUE": "136", "LABEL": "Coronado" },
    { "VALUE": "137", "LABEL": "Costa Mesa" },
    { "VALUE": "138", "LABEL": "Culver City" },
    { "VALUE": "139", "LABEL": "Daly City" },
    { "VALUE": "140", "LABEL": "Davis" },
    { "VALUE": "141", "LABEL": "Downey" },
    { "VALUE": "142", "LABEL": "El Centro" },
    { "VALUE": "143", "LABEL": "El Cerrito" },
    { "VALUE": "144", "LABEL": "El Monte" },
    { "VALUE": "145", "LABEL": "Escondido" },
    { "VALUE": "146", "LABEL": "Eureka" },
    { "VALUE": "147", "LABEL": "Fairfield" },
    { "VALUE": "148", "LABEL": "Fontana" },
    { "VALUE": "149", "LABEL": "Fremont" },
    { "VALUE": "150", "LABEL": "Fresno" },
    { "VALUE": "151", "LABEL": "Fullerton" },
    { "VALUE": "152", "LABEL": "Garden Grove" },
    { "VALUE": "153", "LABEL": "Glendale" },
    { "VALUE": "154", "LABEL": "Hayward" },
    { "VALUE": "155", "LABEL": "Hollywood" },
    { "VALUE": "156", "LABEL": "Huntington Beach" },
    { "VALUE": "157", "LABEL": "Indio" },
    { "VALUE": "158", "LABEL": "Inglewood" },
    { "VALUE": "159", "LABEL": "Irvine" },
    { "VALUE": "160", "LABEL": "La Habra" },
    { "VALUE": "161", "LABEL": "Laguna Beach" },
    { "VALUE": "162", "LABEL": "Lancaster" },
    { "VALUE": "163", "LABEL": "Livermore" },
    { "VALUE": "164", "LABEL": "Lodi" },
    { "VALUE": "165", "LABEL": "Lompoc" },
    { "VALUE": "166", "LABEL": "Long Beach" },
    { "VALUE": "167", "LABEL": "Los Angeles" },
    { "VALUE": "168", "LABEL": "Malibu" },
    { "VALUE": "169", "LABEL": "Martinez" },
    { "VALUE": "170", "LABEL": "Marysville" },
    { "VALUE": "171", "LABEL": "Menlo Park" },
    { "VALUE": "172", "LABEL": "Merced" },
    { "VALUE": "173", "LABEL": "Modesto" },
    { "VALUE": "174", "LABEL": "Monterey" },
    { "VALUE": "175", "LABEL": "Mountain View" },
    { "VALUE": "176", "LABEL": "Napa" },
    { "VALUE": "177", "LABEL": "Needles" },
    { "VALUE": "178", "LABEL": "Newport Beach" },
    { "VALUE": "179", "LABEL": "Norwalk" },
    { "VALUE": "180", "LABEL": "Novato" },
    { "VALUE": "181", "LABEL": "Oakland" },
    { "VALUE": "182", "LABEL": "Oceanside" },
    { "VALUE": "183", "LABEL": "Ojai" },
    { "VALUE": "184", "LABEL": "Ontario" },
    { "VALUE": "185", "LABEL": "Orange" },
    { "VALUE": "186", "LABEL": "Oroville" },
    { "VALUE": "187", "LABEL": "Oxnard" },
    { "VALUE": "188", "LABEL": "Pacific Grove" },
    { "VALUE": "189", "LABEL": "Palm Springs" },
    { "VALUE": "190", "LABEL": "Palmdale" },
    { "VALUE": "191", "LABEL": "Palo Alto" },
    { "VALUE": "192", "LABEL": "Pasadena" },
    { "VALUE": "193", "LABEL": "Petaluma" },
    { "VALUE": "194", "LABEL": "Pomona" },
    { "VALUE": "195", "LABEL": "Port Hueneme" },
    { "VALUE": "196", "LABEL": "Rancho Cucamonga" },
    { "VALUE": "197", "LABEL": "Red Bluff" },
    { "VALUE": "198", "LABEL": "Redding" },
    { "VALUE": "199", "LABEL": "Redlands" },
    { "VALUE": "200", "LABEL": "Redondo Beach" },
    { "VALUE": "201", "LABEL": "Redwood City" },
    { "VALUE": "202", "LABEL": "Richmond" },
    { "VALUE": "203", "LABEL": "Riverside" },
    { "VALUE": "204", "LABEL": "Roseville" },
    { "VALUE": "205", "LABEL": "Sacramento" },
    { "VALUE": "206", "LABEL": "Salinas" },
    { "VALUE": "207", "LABEL": "San Bernardino" },
    { "VALUE": "208", "LABEL": "San Clemente" },
    { "VALUE": "209", "LABEL": "San Diego" },
    { "VALUE": "210", "LABEL": "San Fernando" },
    { "VALUE": "211", "LABEL": "San Francisco" },
    { "VALUE": "212", "LABEL": "San Gabriel" },
    { "VALUE": "213", "LABEL": "San Jose" },
    { "VALUE": "214", "LABEL": "San Juan Capistrano" },
    { "VALUE": "215", "LABEL": "San Leandro" },
    { "VALUE": "216", "LABEL": "San Luis Obispo" },
    { "VALUE": "217", "LABEL": "San Marino" },
    { "VALUE": "218", "LABEL": "San Mateo" },
    { "VALUE": "219", "LABEL": "San Pedro" },
    { "VALUE": "220", "LABEL": "San Rafael" },
    { "VALUE": "221", "LABEL": "San Simeon" },
    { "VALUE": "222", "LABEL": "Santa Ana" },
    { "VALUE": "223", "LABEL": "Santa Barbara" },
    { "VALUE": "224", "LABEL": "Santa Clara" },
    { "VALUE": "225", "LABEL": "Santa Clarita" },
    { "VALUE": "226", "LABEL": "Santa Cruz" },
    { "VALUE": "227", "LABEL": "Santa Monica" },
    { "VALUE": "228", "LABEL": "Santa Rosa" },
    { "VALUE": "229", "LABEL": "Sausalito" },
    { "VALUE": "230", "LABEL": "Simi Valley" },
    { "VALUE": "231", "LABEL": "Sonoma" },
    { "VALUE": "232", "LABEL": "South San Francisco" },
    { "VALUE": "233", "LABEL": "Stockton" },
    { "VALUE": "234", "LABEL": "Sunnyvale" },
    { "VALUE": "235", "LABEL": "Susanville" },
    { "VALUE": "236", "LABEL": "Thousand Oaks" },
    { "VALUE": "237", "LABEL": "Torrance" },
    { "VALUE": "238", "LABEL": "Turlock" },
    { "VALUE": "239", "LABEL": "Ukiah" },
    { "VALUE": "240", "LABEL": "Vallejo" },
    { "VALUE": "241", "LABEL": "Ventura" },
    { "VALUE": "242", "LABEL": "Victorville" },
    { "VALUE": "243", "LABEL": "Visalia" },
    { "VALUE": "244", "LABEL": "Walnut Creek" },
    { "VALUE": "245", "LABEL": "Watts" },
    { "VALUE": "246", "LABEL": "West Covina" },
    { "VALUE": "247", "LABEL": "Whittier" },
    { "VALUE": "248", "LABEL": "Woodland" },
    { "VALUE": "249", "LABEL": "Yorba Linda" },
    { "VALUE": "250", "LABEL": "Yuba City" },
    { "VALUE": "251", "LABEL": "Alamosa" },
    { "VALUE": "252", "LABEL": "Aspen" },
    { "VALUE": "253", "LABEL": "Aurora" },
    { "VALUE": "254", "LABEL": "Boulder" },
    { "VALUE": "255", "LABEL": "Breckenridge" },
    { "VALUE": "256", "LABEL": "Brighton" },
    { "VALUE": "257", "LABEL": "Canon City" },
    { "VALUE": "258", "LABEL": "Central City" },
    { "VALUE": "259", "LABEL": "Climax" },
    { "VALUE": "260", "LABEL": "Colorado Springs" },
    { "VALUE": "261", "LABEL": "Cortez" },
    { "VALUE": "262", "LABEL": "Cripple Creek" },
    { "VALUE": "263", "LABEL": "Denver" },
    { "VALUE": "264", "LABEL": "Durango" },
    { "VALUE": "265", "LABEL": "Englewood" },
    { "VALUE": "266", "LABEL": "Estes Park" },
    { "VALUE": "267", "LABEL": "Fort Collins" },
    { "VALUE": "268", "LABEL": "Fort Morgan" },
    { "VALUE": "269", "LABEL": "Georgetown" },
    { "VALUE": "270", "LABEL": "Glenwood Springs" },
    { "VALUE": "271", "LABEL": "Golden" },
    { "VALUE": "272", "LABEL": "Grand Junction" },
    { "VALUE": "273", "LABEL": "Greeley" },
    { "VALUE": "274", "LABEL": "Gunnison" },
    { "VALUE": "275", "LABEL": "La Junta" },
    { "VALUE": "276", "LABEL": "Leadville" },
    { "VALUE": "277", "LABEL": "Littleton" },
    { "VALUE": "278", "LABEL": "Longmont" },
    { "VALUE": "279", "LABEL": "Loveland" },
    { "VALUE": "280", "LABEL": "Montrose" },
    { "VALUE": "281", "LABEL": "Ouray" },
    { "VALUE": "282", "LABEL": "Pagosa Springs" },
    { "VALUE": "283", "LABEL": "Pueblo" },
    { "VALUE": "284", "LABEL": "Silverton" },
    { "VALUE": "285", "LABEL": "Steamboat Springs" },
    { "VALUE": "286", "LABEL": "Sterling" },
    { "VALUE": "287", "LABEL": "Telluride" },
    { "VALUE": "288", "LABEL": "Trinidad" },
    { "VALUE": "289", "LABEL": "Vail" },
    { "VALUE": "290", "LABEL": "Walsenburg" },
    { "VALUE": "291", "LABEL": "Westminster" },
    { "VALUE": "292", "LABEL": "Ansonia" },
    { "VALUE": "293", "LABEL": "Berlin" },
    { "VALUE": "294", "LABEL": "Bloomfield" },
    { "VALUE": "295", "LABEL": "Branford" },
    { "VALUE": "296", "LABEL": "Bridgeport" },
    { "VALUE": "297", "LABEL": "Bristol" },
    { "VALUE": "298", "LABEL": "Coventry" },
    { "VALUE": "299", "LABEL": "Danbury" },
    { "VALUE": "300", "LABEL": "Darien" },
    { "VALUE": "301", "LABEL": "Derby" },
    { "VALUE": "302", "LABEL": "East Hartford" },
    { "VALUE": "303", "LABEL": "East Haven" },
    { "VALUE": "304", "LABEL": "Enfield" },
    { "VALUE": "305", "LABEL": "Fairfield" },
    { "VALUE": "306", "LABEL": "Farmington" },
    { "VALUE": "307", "LABEL": "Greenwich" },
    { "VALUE": "308", "LABEL": "Groton" },
    { "VALUE": "309", "LABEL": "Guilford" },
    { "VALUE": "310", "LABEL": "Hamden" },
    { "VALUE": "311", "LABEL": "Hartford" },
    { "VALUE": "312", "LABEL": "Lebanon" },
    { "VALUE": "313", "LABEL": "Litchfield" },
    { "VALUE": "314", "LABEL": "Manchester" },
    { "VALUE": "315", "LABEL": "Mansfield" },
    { "VALUE": "316", "LABEL": "Meriden" },
    { "VALUE": "317", "LABEL": "Middletown" },
    { "VALUE": "318", "LABEL": "Milford" },
    { "VALUE": "319", "LABEL": "Mystic" },
    { "VALUE": "320", "LABEL": "Naugatuck" },
    { "VALUE": "321", "LABEL": "New Britain" },
    { "VALUE": "322", "LABEL": "New Haven" },
    { "VALUE": "323", "LABEL": "New London" },
    { "VALUE": "324", "LABEL": "North Haven" },
    { "VALUE": "325", "LABEL": "Norwalk" },
    { "VALUE": "326", "LABEL": "Norwich" },
    { "VALUE": "327", "LABEL": "Old Saybrook" },
    { "VALUE": "328", "LABEL": "Orange" },
    { "VALUE": "329", "LABEL": "Seymour" },
    { "VALUE": "330", "LABEL": "Shelton" },
    { "VALUE": "331", "LABEL": "Simsbury" },
    { "VALUE": "332", "LABEL": "Southington" },
    { "VALUE": "333", "LABEL": "Stamford" },
    { "VALUE": "334", "LABEL": "Stonington" },
    { "VALUE": "335", "LABEL": "Stratford" },
    { "VALUE": "336", "LABEL": "Torrington" },
    { "VALUE": "337", "LABEL": "Wallingford" },
    { "VALUE": "338", "LABEL": "Waterbury" },
    { "VALUE": "339", "LABEL": "Waterford" },
    { "VALUE": "340", "LABEL": "Watertown" },
    { "VALUE": "341", "LABEL": "West Hartford" },
    { "VALUE": "342", "LABEL": "West Haven" },
    { "VALUE": "343", "LABEL": "Westport" },
    { "VALUE": "344", "LABEL": "Wethersfield" },
    { "VALUE": "345", "LABEL": "Willimantic" },
    { "VALUE": "346", "LABEL": "Windham" },
    { "VALUE": "347", "LABEL": "Windsor" },
    { "VALUE": "348", "LABEL": "Windsor Locks" },
    { "VALUE": "349", "LABEL": "Winsted" },
    { "VALUE": "350", "LABEL": "Dover" },
    { "VALUE": "351", "LABEL": "Lewes" },
    { "VALUE": "352", "LABEL": "Milford" },
    { "VALUE": "353", "LABEL": "New Castle" },
    { "VALUE": "354", "LABEL": "Newark" },
    { "VALUE": "355", "LABEL": "Smyrna" },
    { "VALUE": "356", "LABEL": "Wilmington" },
    { "VALUE": "357", "LABEL": "Apalachicola" },
    { "VALUE": "358", "LABEL": "Bartow" },
    { "VALUE": "359", "LABEL": "Belle Glade" },
    { "VALUE": "360", "LABEL": "Boca Raton" },
    { "VALUE": "361", "LABEL": "Bradenton" },
    { "VALUE": "362", "LABEL": "Cape Coral" },
    { "VALUE": "363", "LABEL": "Clearwater" },
    { "VALUE": "364", "LABEL": "Cocoa Beach" },
    { "VALUE": "365", "LABEL": "Cocoa-Rockledge" },
    { "VALUE": "366", "LABEL": "Coral Gables" },
    { "VALUE": "367", "LABEL": "Daytona Beach" },
    { "VALUE": "368", "LABEL": "De Land" },
    { "VALUE": "369", "LABEL": "Deerfield Beach" },
    { "VALUE": "370", "LABEL": "Delray Beach" },
    { "VALUE": "371", "LABEL": "Fernandina Beach" },
    { "VALUE": "372", "LABEL": "Fort Lauderdale" },
    { "VALUE": "373", "LABEL": "Fort Myers" },
    { "VALUE": "374", "LABEL": "Fort Pierce" },
    { "VALUE": "375", "LABEL": "Fort Walton Beach" },
    { "VALUE": "376", "LABEL": "Gainesville" },
    { "VALUE": "377", "LABEL": "Hallandale Beach" },
    { "VALUE": "378", "LABEL": "Hialeah" },
    { "VALUE": "379", "LABEL": "Hollywood" },
    { "VALUE": "380", "LABEL": "Homestead" },
    { "VALUE": "381", "LABEL": "Jacksonville" },
    { "VALUE": "382", "LABEL": "Key West" },
    { "VALUE": "383", "LABEL": "Lake City" },
    { "VALUE": "384", "LABEL": "Lake Wales" },
    { "VALUE": "385", "LABEL": "Lakeland" },
    { "VALUE": "386", "LABEL": "Largo" },
    { "VALUE": "387", "LABEL": "Melbourne" },
    { "VALUE": "388", "LABEL": "Miami" },
    { "VALUE": "389", "LABEL": "Miami Beach" },
    { "VALUE": "390", "LABEL": "Naples" },
    { "VALUE": "391", "LABEL": "New Smyrna Beach" },
    { "VALUE": "392", "LABEL": "Ocala" },
    { "VALUE": "393", "LABEL": "Orlando" },
    { "VALUE": "394", "LABEL": "Ormond Beach" },
    { "VALUE": "395", "LABEL": "Palatka" },
    { "VALUE": "396", "LABEL": "Palm Bay" },
    { "VALUE": "397", "LABEL": "Palm Beach" },
    { "VALUE": "398", "LABEL": "Panama City" },
    { "VALUE": "399", "LABEL": "Pensacola" },
    { "VALUE": "400", "LABEL": "Pompano Beach" },
    { "VALUE": "401", "LABEL": "Saint Augustine" },
    { "VALUE": "402", "LABEL": "Saint Petersburg" },
    { "VALUE": "403", "LABEL": "Sanford" },
    { "VALUE": "404", "LABEL": "Sarasota" },
    { "VALUE": "405", "LABEL": "Sebring" },
    { "VALUE": "406", "LABEL": "Tallahassee" },
    { "VALUE": "407", "LABEL": "Tampa" },
    { "VALUE": "408", "LABEL": "Tarpon Springs" },
    { "VALUE": "409", "LABEL": "Titusville" },
    { "VALUE": "410", "LABEL": "Venice" },
    { "VALUE": "411", "LABEL": "West Palm Beach" },
    { "VALUE": "412", "LABEL": "White Springs" },
    { "VALUE": "413", "LABEL": "Winter Haven" },
    { "VALUE": "414", "LABEL": "Winter Park" },
    { "VALUE": "415", "LABEL": "Albany" },
    { "VALUE": "416", "LABEL": "Americus" },
    { "VALUE": "417", "LABEL": "Andersonville" },
    { "VALUE": "418", "LABEL": "Athens" },
    { "VALUE": "419", "LABEL": "Atlanta" },
    { "VALUE": "420", "LABEL": "Augusta" },
    { "VALUE": "421", "LABEL": "Bainbridge" },
    { "VALUE": "422", "LABEL": "Blairsville" },
    { "VALUE": "423", "LABEL": "Brunswick" },
    { "VALUE": "424", "LABEL": "Calhoun" },
    { "VALUE": "425", "LABEL": "Carrollton" },
    { "VALUE": "426", "LABEL": "Columbus" },
    { "VALUE": "427", "LABEL": "Dahlonega" },
    { "VALUE": "428", "LABEL": "Dalton" },
    { "VALUE": "429", "LABEL": "Darien" },
    { "VALUE": "430", "LABEL": "Decatur" },
    { "VALUE": "431", "LABEL": "Douglas" },
    { "VALUE": "432", "LABEL": "East Point" },
    { "VALUE": "433", "LABEL": "Fitzgerald" },
    { "VALUE": "434", "LABEL": "Fort Valley" },
    { "VALUE": "435", "LABEL": "Gainesville" },
    { "VALUE": "436", "LABEL": "La Grange" },
    { "VALUE": "437", "LABEL": "Macon" },
    { "VALUE": "438", "LABEL": "Marietta" },
    { "VALUE": "439", "LABEL": "Milledgeville" },
    { "VALUE": "440", "LABEL": "Plains" },
    { "VALUE": "441", "LABEL": "Rome" },
    { "VALUE": "442", "LABEL": "Savannah" },
    { "VALUE": "443", "LABEL": "Toccoa" },
    { "VALUE": "444", "LABEL": "Valdosta" },
    { "VALUE": "445", "LABEL": "Warm Springs" },
    { "VALUE": "446", "LABEL": "Warner Robins" },
    { "VALUE": "447", "LABEL": "Washington" },
    { "VALUE": "448", "LABEL": "Waycross" },
    { "VALUE": "449", "LABEL": "Hanalei" },
    { "VALUE": "450", "LABEL": "Hilo" },
    { "VALUE": "451", "LABEL": "Honaunau" },
    { "VALUE": "452", "LABEL": "Honolulu" },
    { "VALUE": "453", "LABEL": "Kahului" },
    { "VALUE": "454", "LABEL": "Kaneohe" },
    { "VALUE": "455", "LABEL": "Kapaa" },
    { "VALUE": "456", "LABEL": "Kawaihae" },
    { "VALUE": "457", "LABEL": "Lahaina" },
    { "VALUE": "458", "LABEL": "Laie" },
    { "VALUE": "459", "LABEL": "Wahiawa" },
    { "VALUE": "460", "LABEL": "Wailuku" },
    { "VALUE": "461", "LABEL": "Waimea" },
    { "VALUE": "462", "LABEL": "Blackfoot" },
    { "VALUE": "463", "LABEL": "Boise" },
    { "VALUE": "464", "LABEL": "Bonners Ferry" },
    { "VALUE": "465", "LABEL": "Caldwell" },
    { "VALUE": "466", "LABEL": "Coeur d’Alene" },
    { "VALUE": "467", "LABEL": "Idaho City" },
    { "VALUE": "468", "LABEL": "Idaho Falls" },
    { "VALUE": "469", "LABEL": "Kellogg" },
    { "VALUE": "470", "LABEL": "Lewiston" },
    { "VALUE": "471", "LABEL": "Moscow" },
    { "VALUE": "472", "LABEL": "Nampa" },
    { "VALUE": "473", "LABEL": "Pocatello" },
    { "VALUE": "474", "LABEL": "Priest River" },
    { "VALUE": "475", "LABEL": "Rexburg" },
    { "VALUE": "476", "LABEL": "Sun Valley" },
    { "VALUE": "477", "LABEL": "Twin Falls" },
    { "VALUE": "478", "LABEL": "Alton" },
    { "VALUE": "479", "LABEL": "Arlington Heights" },
    { "VALUE": "480", "LABEL": "Arthur" },
    { "VALUE": "481", "LABEL": "Aurora" },
    { "VALUE": "482", "LABEL": "Belleville" },
    { "VALUE": "483", "LABEL": "Belvidere" },
    { "VALUE": "484", "LABEL": "Bloomington" },
    { "VALUE": "485", "LABEL": "Brookfield" },
    { "VALUE": "486", "LABEL": "Cahokia" },
    { "VALUE": "487", "LABEL": "Cairo" },
    { "VALUE": "488", "LABEL": "Calumet City" },
    { "VALUE": "489", "LABEL": "Canton" },
    { "VALUE": "490", "LABEL": "Carbondale" },
    { "VALUE": "491", "LABEL": "Carlinville" },
    { "VALUE": "492", "LABEL": "Carthage" },
    { "VALUE": "493", "LABEL": "Centralia" },
    { "VALUE": "494", "LABEL": "Champaign" },
    { "VALUE": "495", "LABEL": "Charleston" },
    { "VALUE": "496", "LABEL": "Chester" },
    { "VALUE": "497", "LABEL": "Chicago" },
    { "VALUE": "498", "LABEL": "Chicago Heights" },
    { "VALUE": "499", "LABEL": "Cicero" },
    { "VALUE": "500", "LABEL": "Collinsville" },
    { "VALUE": "501", "LABEL": "Danville" },
    { "VALUE": "502", "LABEL": "Decatur" },
    { "VALUE": "503", "LABEL": "DeKalb" },
    { "VALUE": "504", "LABEL": "Des Plaines" },
    { "VALUE": "505", "LABEL": "Dixon" },
    { "VALUE": "506", "LABEL": "East Moline" },
    { "VALUE": "507", "LABEL": "East Saint Louis" },
    { "VALUE": "508", "LABEL": "Effingham" },
    { "VALUE": "509", "LABEL": "Elgin" },
    { "VALUE": "510", "LABEL": "Elmhurst" },
    { "VALUE": "511", "LABEL": "Evanston" },
    { "VALUE": "512", "LABEL": "Freeport" },
    { "VALUE": "513", "LABEL": "Galena" },
    { "VALUE": "514", "LABEL": "Galesburg" },
    { "VALUE": "515", "LABEL": "Glen Ellyn" },
    { "VALUE": "516", "LABEL": "Glenview" },
    { "VALUE": "517", "LABEL": "Granite City" },
    { "VALUE": "518", "LABEL": "Harrisburg" },
    { "VALUE": "519", "LABEL": "Herrin" },
    { "VALUE": "520", "LABEL": "Highland Park" },
    { "VALUE": "521", "LABEL": "Jacksonville" },
    { "VALUE": "522", "LABEL": "Joliet" },
    { "VALUE": "523", "LABEL": "Kankakee" },
    { "VALUE": "524", "LABEL": "Kaskaskia" },
    { "VALUE": "525", "LABEL": "Kewanee" },
    { "VALUE": "526", "LABEL": "La Salle" },
    { "VALUE": "527", "LABEL": "Lake Forest" },
    { "VALUE": "528", "LABEL": "Libertyville" },
    { "VALUE": "529", "LABEL": "Lincoln" },
    { "VALUE": "530", "LABEL": "Lisle" },
    { "VALUE": "531", "LABEL": "Lombard" },
    { "VALUE": "532", "LABEL": "Macomb" },
    { "VALUE": "533", "LABEL": "Mattoon" },
    { "VALUE": "534", "LABEL": "Moline" },
    { "VALUE": "535", "LABEL": "Monmouth" },
    { "VALUE": "536", "LABEL": "Mount Vernon" },
    { "VALUE": "537", "LABEL": "Mundelein" },
    { "VALUE": "538", "LABEL": "Naperville" },
    { "VALUE": "539", "LABEL": "Nauvoo" },
    { "VALUE": "540", "LABEL": "Normal" },
    { "VALUE": "541", "LABEL": "North Chicago" },
    { "VALUE": "542", "LABEL": "Oak Park" },
    { "VALUE": "543", "LABEL": "Oregon" },
    { "VALUE": "544", "LABEL": "Ottawa" },
    { "VALUE": "545", "LABEL": "Palatine" },
    { "VALUE": "546", "LABEL": "Park Forest" },
    { "VALUE": "547", "LABEL": "Park Ridge" },
    { "VALUE": "548", "LABEL": "Pekin" },
    { "VALUE": "549", "LABEL": "Peoria" },
    { "VALUE": "550", "LABEL": "Petersburg" },
    { "VALUE": "551", "LABEL": "Pontiac" },
    { "VALUE": "552", "LABEL": "Quincy" },
    { "VALUE": "553", "LABEL": "Rantoul" },
    { "VALUE": "554", "LABEL": "River Forest" },
    { "VALUE": "555", "LABEL": "Rock Island" },
    { "VALUE": "556", "LABEL": "Rockford" },
    { "VALUE": "557", "LABEL": "Salem" },
    { "VALUE": "558", "LABEL": "Shawneetown" },
    { "VALUE": "559", "LABEL": "Skokie" },
    { "VALUE": "560", "LABEL": "South Holland" },
    { "VALUE": "561", "LABEL": "Springfield" },
    { "VALUE": "562", "LABEL": "Streator" },
    { "VALUE": "563", "LABEL": "Summit" },
    { "VALUE": "564", "LABEL": "Urbana" },
    { "VALUE": "565", "LABEL": "Vandalia" },
    { "VALUE": "566", "LABEL": "Virden" },
    { "VALUE": "567", "LABEL": "Waukegan" },
    { "VALUE": "568", "LABEL": "Wheaton" },
    { "VALUE": "569", "LABEL": "Wilmette" },
    { "VALUE": "570", "LABEL": "Winnetka" },
    { "VALUE": "571", "LABEL": "Wood River" },
    { "VALUE": "572", "LABEL": "Zion" },
    { "VALUE": "573", "LABEL": "Anderson" },
    { "VALUE": "574", "LABEL": "Bedford" },
    { "VALUE": "575", "LABEL": "Bloomington" },
    { "VALUE": "576", "LABEL": "Columbus" },
    { "VALUE": "577", "LABEL": "Connersville" },
    { "VALUE": "578", "LABEL": "Corydon" },
    { "VALUE": "579", "LABEL": "Crawfordsville" },
    { "VALUE": "580", "LABEL": "East Chicago" },
    { "VALUE": "581", "LABEL": "Elkhart" },
    { "VALUE": "582", "LABEL": "Elwood" },
    { "VALUE": "583", "LABEL": "Evansville" },
    { "VALUE": "584", "LABEL": "Fort Wayne" },
    { "VALUE": "585", "LABEL": "French Lick" },
    { "VALUE": "586", "LABEL": "Gary" },
    { "VALUE": "587", "LABEL": "Geneva" },
    { "VALUE": "588", "LABEL": "Goshen" },
    { "VALUE": "589", "LABEL": "Greenfield" },
    { "VALUE": "590", "LABEL": "Hammond" },
    { "VALUE": "591", "LABEL": "Hobart" },
    { "VALUE": "592", "LABEL": "Huntington" },
    { "VALUE": "593", "LABEL": "Indianapolis" },
    { "VALUE": "594", "LABEL": "Jeffersonville" },
    { "VALUE": "595", "LABEL": "Kokomo" },
    { "VALUE": "596", "LABEL": "Lafayette" },
    { "VALUE": "597", "LABEL": "Madison" },
    { "VALUE": "598", "LABEL": "Marion" },
    { "VALUE": "599", "LABEL": "Michigan City" },
    { "VALUE": "600", "LABEL": "Mishawaka" },
    { "VALUE": "601", "LABEL": "Muncie" },
    { "VALUE": "602", "LABEL": "Nappanee" },
    { "VALUE": "603", "LABEL": "Nashville" },
    { "VALUE": "604", "LABEL": "New Albany" },
    { "VALUE": "605", "LABEL": "New Castle" },
    { "VALUE": "606", "LABEL": "New Harmony" },
    { "VALUE": "607", "LABEL": "Peru" },
    { "VALUE": "608", "LABEL": "Plymouth" },
    { "VALUE": "609", "LABEL": "Richmond" },
    { "VALUE": "610", "LABEL": "Santa Claus" },
    { "VALUE": "611", "LABEL": "Shelbyville" },
    { "VALUE": "612", "LABEL": "South Bend" },
    { "VALUE": "613", "LABEL": "Terre Haute" },
    { "VALUE": "614", "LABEL": "Valparaiso" },
    { "VALUE": "615", "LABEL": "Vincennes" },
    { "VALUE": "616", "LABEL": "Wabash" },
    { "VALUE": "617", "LABEL": "West Lafayette" },
    { "VALUE": "618", "LABEL": "Amana Colonies" },
    { "VALUE": "619", "LABEL": "Ames" },
    { "VALUE": "620", "LABEL": "Boone" },
    { "VALUE": "621", "LABEL": "Burlington" },
    { "VALUE": "622", "LABEL": "Cedar Falls" },
    { "VALUE": "623", "LABEL": "Cedar Rapids" },
    { "VALUE": "624", "LABEL": "Charles City" },
    { "VALUE": "625", "LABEL": "Cherokee" },
    { "VALUE": "626", "LABEL": "Clinton" },
    { "VALUE": "627", "LABEL": "Council Bluffs" },
    { "VALUE": "628", "LABEL": "Davenport" },
    { "VALUE": "629", "LABEL": "Des Moines" },
    { "VALUE": "630", "LABEL": "Dubuque" },
    { "VALUE": "631", "LABEL": "Estherville" },
    { "VALUE": "632", "LABEL": "Fairfield" },
    { "VALUE": "633", "LABEL": "Fort Dodge" },
    { "VALUE": "634", "LABEL": "Grinnell" },
    { "VALUE": "635", "LABEL": "Indianola" },
    { "VALUE": "636", "LABEL": "Iowa City" },
    { "VALUE": "637", "LABEL": "Keokuk" },
    { "VALUE": "638", "LABEL": "Mason City" },
    { "VALUE": "639", "LABEL": "Mount Pleasant" },
    { "VALUE": "640", "LABEL": "Muscatine" },
    { "VALUE": "641", "LABEL": "Newton" },
    { "VALUE": "642", "LABEL": "Oskaloosa" },
    { "VALUE": "643", "LABEL": "Ottumwa" },
    { "VALUE": "644", "LABEL": "Sioux City" },
    { "VALUE": "645", "LABEL": "Waterloo" },
    { "VALUE": "646", "LABEL": "Webster City" },
    { "VALUE": "647", "LABEL": "West Des Moines" },
    { "VALUE": "648", "LABEL": "Abilene" },
    { "VALUE": "649", "LABEL": "Arkansas City" },
    { "VALUE": "650", "LABEL": "Atchison" },
    { "VALUE": "651", "LABEL": "Chanute" },
    { "VALUE": "652", "LABEL": "Coffeyville" },
    { "VALUE": "653", "LABEL": "Council Grove" },
    { "VALUE": "654", "LABEL": "Dodge City" },
    { "VALUE": "655", "LABEL": "Emporia" },
    { "VALUE": "656", "LABEL": "Fort Scott" },
    { "VALUE": "657", "LABEL": "Garden City" },
    { "VALUE": "658", "LABEL": "Great Bend" },
    { "VALUE": "659", "LABEL": "Hays" },
    { "VALUE": "660", "LABEL": "Hutchinson" },
    { "VALUE": "661", "LABEL": "Independence" },
    { "VALUE": "662", "LABEL": "Junction City" },
    { "VALUE": "663", "LABEL": "Kansas City" },
    { "VALUE": "664", "LABEL": "Lawrence" },
    { "VALUE": "665", "LABEL": "Leavenworth" },
    { "VALUE": "666", "LABEL": "Liberal" },
    { "VALUE": "667", "LABEL": "Manhattan" },
    { "VALUE": "668", "LABEL": "McPherson" },
    { "VALUE": "669", "LABEL": "Medicine Lodge" },
    { "VALUE": "670", "LABEL": "Newton" },
    { "VALUE": "671", "LABEL": "Olathe" },
    { "VALUE": "672", "LABEL": "Osawatomie" },
    { "VALUE": "673", "LABEL": "Ottawa" },
    { "VALUE": "674", "LABEL": "Overland Park" },
    { "VALUE": "675", "LABEL": "Pittsburg" },
    { "VALUE": "676", "LABEL": "Salina" },
    { "VALUE": "677", "LABEL": "Shawnee" },
    { "VALUE": "678", "LABEL": "Smith Center" },
    { "VALUE": "679", "LABEL": "Topeka" },
    { "VALUE": "680", "LABEL": "Wichita" },
    { "VALUE": "681", "LABEL": "Ashland" },
    { "VALUE": "682", "LABEL": "Barbourville" },
    { "VALUE": "683", "LABEL": "Bardstown" },
    { "VALUE": "684", "LABEL": "Berea" },
    { "VALUE": "685", "LABEL": "Boonesborough" },
    { "VALUE": "686", "LABEL": "Bowling Green" },
    { "VALUE": "687", "LABEL": "Campbellsville" },
    { "VALUE": "688", "LABEL": "Covington" },
    { "VALUE": "689", "LABEL": "Danville" },
    { "VALUE": "690", "LABEL": "Elizabethtown" },
    { "VALUE": "691", "LABEL": "Frankfort" },
    { "VALUE": "692", "LABEL": "Harlan" },
    { "VALUE": "693", "LABEL": "Harrodsburg" },
    { "VALUE": "694", "LABEL": "Hazard" },
    { "VALUE": "695", "LABEL": "Henderson" },
    { "VALUE": "696", "LABEL": "Hodgenville" },
    { "VALUE": "697", "LABEL": "Hopkinsville" },
    { "VALUE": "698", "LABEL": "Lexington" },
    { "VALUE": "699", "LABEL": "Louisville" },
    { "VALUE": "700", "LABEL": "Mayfield" },
    { "VALUE": "701", "LABEL": "Maysville" },
    { "VALUE": "702", "LABEL": "Middlesboro" },
    { "VALUE": "703", "LABEL": "Newport" },
    { "VALUE": "704", "LABEL": "Owensboro" },
    { "VALUE": "705", "LABEL": "Paducah" },
    { "VALUE": "706", "LABEL": "Paris" },
    { "VALUE": "707", "LABEL": "Richmond" },
    { "VALUE": "708", "LABEL": "Abbeville" },
    { "VALUE": "709", "LABEL": "Alexandria" },
    { "VALUE": "710", "LABEL": "Bastrop" },
    { "VALUE": "711", "LABEL": "Baton Rouge" },
    { "VALUE": "712", "LABEL": "Bogalusa" },
    { "VALUE": "713", "LABEL": "Bossier City" },
    { "VALUE": "714", "LABEL": "Gretna" },
    { "VALUE": "715", "LABEL": "Houma" },
    { "VALUE": "716", "LABEL": "Lafayette" },
    { "VALUE": "717", "LABEL": "Lake Charles" },
    { "VALUE": "718", "LABEL": "Monroe" },
    { "VALUE": "719", "LABEL": "Morgan City" },
    { "VALUE": "720", "LABEL": "Natchitoches" },
    { "VALUE": "721", "LABEL": "New Iberia" },
    { "VALUE": "722", "LABEL": "New Orleans" },
    { "VALUE": "723", "LABEL": "Opelousas" },
    { "VALUE": "724", "LABEL": "Ruston" },
    { "VALUE": "725", "LABEL": "Saint Martinville" },
    { "VALUE": "726", "LABEL": "Shreveport" },
    { "VALUE": "727", "LABEL": "Thibodaux" },
    { "VALUE": "728", "LABEL": "Auburn" },
    { "VALUE": "729", "LABEL": "Augusta" },
    { "VALUE": "730", "LABEL": "Bangor" },
    { "VALUE": "731", "LABEL": "Bar Harbor" },
    { "VALUE": "732", "LABEL": "Bath" },
    { "VALUE": "733", "LABEL": "Belfast" },
    { "VALUE": "734", "LABEL": "Biddeford" },
    { "VALUE": "735", "LABEL": "Boothbay Harbor" },
    { "VALUE": "736", "LABEL": "Brunswick" },
    { "VALUE": "737", "LABEL": "Calais" },
    { "VALUE": "738", "LABEL": "Caribou" },
    { "VALUE": "739", "LABEL": "Castine" },
    { "VALUE": "740", "LABEL": "Eastport" },
    { "VALUE": "741", "LABEL": "Ellsworth" },
    { "VALUE": "742", "LABEL": "Farmington" },
    { "VALUE": "743", "LABEL": "Fort Kent" },
    { "VALUE": "744", "LABEL": "Gardiner" },
    { "VALUE": "745", "LABEL": "Houlton" },
    { "VALUE": "746", "LABEL": "Kennebunkport" },
    { "VALUE": "747", "LABEL": "Kittery" },
    { "VALUE": "748", "LABEL": "Lewiston" },
    { "VALUE": "749", "LABEL": "Lubec" },
    { "VALUE": "750", "LABEL": "Machias" },
    { "VALUE": "751", "LABEL": "Orono" },
    { "VALUE": "752", "LABEL": "Portland" },
    { "VALUE": "753", "LABEL": "Presque Isle" },
    { "VALUE": "754", "LABEL": "Rockland" },
    { "VALUE": "755", "LABEL": "Rumford" },
    { "VALUE": "756", "LABEL": "Saco" },
    { "VALUE": "757", "LABEL": "Scarborough" },
    { "VALUE": "758", "LABEL": "Waterville" },
    { "VALUE": "759", "LABEL": "York" },
    { "VALUE": "760", "LABEL": "Aberdeen" },
    { "VALUE": "761", "LABEL": "Annapolis" },
    { "VALUE": "762", "LABEL": "Baltimore" },
    { "VALUE": "763", "LABEL": "Bethesda-Chevy Chase" },
    { "VALUE": "764", "LABEL": "Bowie" },
    { "VALUE": "765", "LABEL": "Cambridge" },
    { "VALUE": "766", "LABEL": "Catonsville" },
    { "VALUE": "767", "LABEL": "College Park" },
    { "VALUE": "768", "LABEL": "Columbia" },
    { "VALUE": "769", "LABEL": "Cumberland" },
    { "VALUE": "770", "LABEL": "Easton" },
    { "VALUE": "771", "LABEL": "Elkton" },
    { "VALUE": "772", "LABEL": "Emmitsburg" },
    { "VALUE": "773", "LABEL": "Frederick" },
    { "VALUE": "774", "LABEL": "Greenbelt" },
    { "VALUE": "775", "LABEL": "Hagerstown" },
    { "VALUE": "776", "LABEL": "Hyattsville" },
    { "VALUE": "777", "LABEL": "Laurel" },
    { "VALUE": "778", "LABEL": "Oakland" },
    { "VALUE": "779", "LABEL": "Ocean City" },
    { "VALUE": "780", "LABEL": "Rockville" },
    { "VALUE": "781", "LABEL": "Saint Marys City" },
    { "VALUE": "782", "LABEL": "Salisbury" },
    { "VALUE": "783", "LABEL": "Silver Spring" },
    { "VALUE": "784", "LABEL": "Takoma Park" },
    { "VALUE": "785", "LABEL": "Towson" },
    { "VALUE": "786", "LABEL": "Westminster" },
    { "VALUE": "787", "LABEL": "Abington" },
    { "VALUE": "788", "LABEL": "Adams" },
    { "VALUE": "789", "LABEL": "Amesbury" },
    { "VALUE": "790", "LABEL": "Amherst" },
    { "VALUE": "791", "LABEL": "Andover" },
    { "VALUE": "792", "LABEL": "Arlington" },
    { "VALUE": "793", "LABEL": "Athol" },
    { "VALUE": "794", "LABEL": "Attleboro" },
    { "VALUE": "795", "LABEL": "Barnstable" },
    { "VALUE": "796", "LABEL": "Bedford" },
    { "VALUE": "797", "LABEL": "Beverly" },
    { "VALUE": "798", "LABEL": "Boston" },
    { "VALUE": "799", "LABEL": "Bourne" },
    { "VALUE": "800", "LABEL": "Braintree" },
    { "VALUE": "801", "LABEL": "Brockton" },
    { "VALUE": "802", "LABEL": "Brookline" },
    { "VALUE": "803", "LABEL": "Cambridge" },
    { "VALUE": "804", "LABEL": "Canton" },
    { "VALUE": "805", "LABEL": "Charlestown" },
    { "VALUE": "806", "LABEL": "Chelmsford" },
    { "VALUE": "807", "LABEL": "Chelsea" },
    { "VALUE": "808", "LABEL": "Chicopee" },
    { "VALUE": "809", "LABEL": "Clinton" },
    { "VALUE": "810", "LABEL": "Cohasset" },
    { "VALUE": "811", "LABEL": "Concord" },
    { "VALUE": "812", "LABEL": "Danvers" },
    { "VALUE": "813", "LABEL": "Dartmouth" },
    { "VALUE": "814", "LABEL": "Dedham" },
    { "VALUE": "815", "LABEL": "Dennis" },
    { "VALUE": "816", "LABEL": "Duxbury" },
    { "VALUE": "817", "LABEL": "Eastham" },
    { "VALUE": "818", "LABEL": "Edgartown" },
    { "VALUE": "819", "LABEL": "Everett" },
    { "VALUE": "820", "LABEL": "Fairhaven" },
    { "VALUE": "821", "LABEL": "Fall River" },
    { "VALUE": "822", "LABEL": "Falmouth" },
    { "VALUE": "823", "LABEL": "Fitchburg" },
    { "VALUE": "824", "LABEL": "Framingham" },
    { "VALUE": "825", "LABEL": "Gloucester" },
    { "VALUE": "826", "LABEL": "Great Barrington" },
    { "VALUE": "827", "LABEL": "Greenfield" },
    { "VALUE": "828", "LABEL": "Groton" },
    { "VALUE": "829", "LABEL": "Harwich" },
    { "VALUE": "830", "LABEL": "Haverhill" },
    { "VALUE": "831", "LABEL": "Hingham" },
    { "VALUE": "832", "LABEL": "Holyoke" },
    { "VALUE": "833", "LABEL": "Hyannis" },
    { "VALUE": "834", "LABEL": "Ipswich" },
    { "VALUE": "835", "LABEL": "Lawrence" },
    { "VALUE": "836", "LABEL": "Lenox" },
    { "VALUE": "837", "LABEL": "Leominster" },
    { "VALUE": "838", "LABEL": "Lexington" },
    { "VALUE": "839", "LABEL": "Lowell" },
    { "VALUE": "840", "LABEL": "Ludlow" },
    { "VALUE": "841", "LABEL": "Lynn" },
    { "VALUE": "842", "LABEL": "Malden" },
    { "VALUE": "843", "LABEL": "Marblehead" },
    { "VALUE": "844", "LABEL": "Marlborough" },
    { "VALUE": "845", "LABEL": "Medford" },
    { "VALUE": "846", "LABEL": "Milton" },
    { "VALUE": "847", "LABEL": "Nahant" },
    { "VALUE": "848", "LABEL": "Natick" },
    { "VALUE": "849", "LABEL": "New Bedford" },
    { "VALUE": "850", "LABEL": "Newburyport" },
    { "VALUE": "851", "LABEL": "Newton" },
    { "VALUE": "852", "LABEL": "North Adams" },
    { "VALUE": "853", "LABEL": "Northampton" },
    { "VALUE": "854", "LABEL": "Norton" },
    { "VALUE": "855", "LABEL": "Norwood" },
    { "VALUE": "856", "LABEL": "Peabody" },
    { "VALUE": "857", "LABEL": "Pittsfield" },
    { "VALUE": "858", "LABEL": "Plymouth" },
    { "VALUE": "859", "LABEL": "Provincetown" },
    { "VALUE": "860", "LABEL": "Quincy" },
    { "VALUE": "861", "LABEL": "Randolph" },
    { "VALUE": "862", "LABEL": "Revere" },
    { "VALUE": "863", "LABEL": "Salem" },
    { "VALUE": "864", "LABEL": "Sandwich" },
    { "VALUE": "865", "LABEL": "Saugus" },
    { "VALUE": "866", "LABEL": "Somerville" },
    { "VALUE": "867", "LABEL": "South Hadley" },
    { "VALUE": "868", "LABEL": "Springfield" },
    { "VALUE": "869", "LABEL": "Stockbridge" },
    { "VALUE": "870", "LABEL": "Stoughton" },
    { "VALUE": "871", "LABEL": "Sturbridge" },
    { "VALUE": "872", "LABEL": "Sudbury" },
    { "VALUE": "873", "LABEL": "Taunton" },
    { "VALUE": "874", "LABEL": "Tewksbury" },
    { "VALUE": "875", "LABEL": "Truro" },
    { "VALUE": "876", "LABEL": "Watertown" },
    { "VALUE": "877", "LABEL": "Webster" },
    { "VALUE": "878", "LABEL": "Wellesley" },
    { "VALUE": "879", "LABEL": "Wellfleet" },
    { "VALUE": "880", "LABEL": "West Bridgewater" },
    { "VALUE": "881", "LABEL": "West Springfield" },
    { "VALUE": "882", "LABEL": "Westfield" },
    { "VALUE": "883", "LABEL": "Weymouth" },
    { "VALUE": "884", "LABEL": "Whitman" },
    { "VALUE": "885", "LABEL": "Williamstown" },
    { "VALUE": "886", "LABEL": "Woburn" },
    { "VALUE": "887", "LABEL": "Woods Hole" },
    { "VALUE": "888", "LABEL": "Worcester" },
    { "VALUE": "889", "LABEL": "Adrian" },
    { "VALUE": "890", "LABEL": "Alma" },
    { "VALUE": "891", "LABEL": "Ann Arbor" },
    { "VALUE": "892", "LABEL": "Battle Creek" },
    { "VALUE": "893", "LABEL": "Bay City" },
    { "VALUE": "894", "LABEL": "Benton Harbor" },
    { "VALUE": "895", "LABEL": "Bloomfield Hills" },
    { "VALUE": "896", "LABEL": "Cadillac" },
    { "VALUE": "897", "LABEL": "Charlevoix" },
    { "VALUE": "898", "LABEL": "Cheboygan" },
    { "VALUE": "899", "LABEL": "Dearborn" },
    { "VALUE": "900", "LABEL": "Detroit" },
    { "VALUE": "901", "LABEL": "East Lansing" },
    { "VALUE": "902", "LABEL": "Eastpointe" },
    { "VALUE": "903", "LABEL": "Ecorse" },
    { "VALUE": "904", "LABEL": "Escanaba" },
    { "VALUE": "905", "LABEL": "Flint" },
    { "VALUE": "906", "LABEL": "Grand Haven" },
    { "VALUE": "907", "LABEL": "Grand Rapids" },
    { "VALUE": "908", "LABEL": "Grayling" },
    { "VALUE": "909", "LABEL": "Grosse Pointe" },
    { "VALUE": "910", "LABEL": "Hancock" },
    { "VALUE": "911", "LABEL": "Highland Park" },
    { "VALUE": "912", "LABEL": "Holland" },
    { "VALUE": "913", "LABEL": "Houghton" },
    { "VALUE": "914", "LABEL": "Interlochen" },
    { "VALUE": "915", "LABEL": "Iron Mountain" },
    { "VALUE": "916", "LABEL": "Ironwood" },
    { "VALUE": "917", "LABEL": "Ishpeming" },
    { "VALUE": "918", "LABEL": "Jackson" },
    { "VALUE": "919", "LABEL": "Kalamazoo" },
    { "VALUE": "920", "LABEL": "Lansing" },
    { "VALUE": "921", "LABEL": "Livonia" },
    { "VALUE": "922", "LABEL": "Ludington" },
    { "VALUE": "923", "LABEL": "Mackinaw City" },
    { "VALUE": "924", "LABEL": "Manistee" },
    { "VALUE": "925", "LABEL": "Marquette" },
    { "VALUE": "926", "LABEL": "Menominee" },
    { "VALUE": "927", "LABEL": "Midland" },
    { "VALUE": "928", "LABEL": "Monroe" },
    { "VALUE": "929", "LABEL": "Mount Clemens" },
    { "VALUE": "930", "LABEL": "Mount Pleasant" },
    { "VALUE": "931", "LABEL": "Muskegon" },
    { "VALUE": "932", "LABEL": "Niles" },
    { "VALUE": "933", "LABEL": "Petoskey" },
    { "VALUE": "934", "LABEL": "Pontiac" },
    { "VALUE": "935", "LABEL": "Port Huron" },
    { "VALUE": "936", "LABEL": "Royal Oak" },
    { "VALUE": "937", "LABEL": "Saginaw" },
    { "VALUE": "938", "LABEL": "Saint Ignace" },
    { "VALUE": "939", "LABEL": "Saint Joseph" },
    { "VALUE": "940", "LABEL": "Sault Sainte Marie" },
    { "VALUE": "941", "LABEL": "Traverse City" },
    { "VALUE": "942", "LABEL": "Trenton" },
    { "VALUE": "943", "LABEL": "Warren" },
    { "VALUE": "944", "LABEL": "Wyandotte" },
    { "VALUE": "945", "LABEL": "Ypsilanti" },
    { "VALUE": "946", "LABEL": "Albert Lea" },
    { "VALUE": "947", "LABEL": "Alexandria" },
    { "VALUE": "948", "LABEL": "Austin" },
    { "VALUE": "949", "LABEL": "Bemidji" },
    { "VALUE": "950", "LABEL": "Bloomington" },
    { "VALUE": "951", "LABEL": "Brainerd" },
    { "VALUE": "952", "LABEL": "Crookston" },
    { "VALUE": "953", "LABEL": "Duluth" },
    { "VALUE": "954", "LABEL": "Ely" },
    { "VALUE": "955", "LABEL": "Eveleth" },
    { "VALUE": "956", "LABEL": "Faribault" },
    { "VALUE": "957", "LABEL": "Fergus Falls" },
    { "VALUE": "958", "LABEL": "Hastings" },
    { "VALUE": "959", "LABEL": "Hibbing" },
    { "VALUE": "960", "LABEL": "International Falls" },
    { "VALUE": "961", "LABEL": "Little Falls" },
    { "VALUE": "962", "LABEL": "Mankato" },
    { "VALUE": "963", "LABEL": "Minneapolis" },
    { "VALUE": "964", "LABEL": "Moorhead" },
    { "VALUE": "965", "LABEL": "New Ulm" },
    { "VALUE": "966", "LABEL": "Northfield" },
    { "VALUE": "967", "LABEL": "Owatonna" },
    { "VALUE": "968", "LABEL": "Pipestone" },
    { "VALUE": "969", "LABEL": "Red Wing" },
    { "VALUE": "970", "LABEL": "Rochester" },
    { "VALUE": "971", "LABEL": "Saint Cloud" },
    { "VALUE": "972", "LABEL": "Saint Paul" },
    { "VALUE": "973", "LABEL": "Sauk Centre" },
    { "VALUE": "974", "LABEL": "South Saint Paul" },
    { "VALUE": "975", "LABEL": "Stillwater" },
    { "VALUE": "976", "LABEL": "Virginia" },
    { "VALUE": "977", "LABEL": "Willmar" },
    { "VALUE": "978", "LABEL": "Winona" },
    { "VALUE": "979", "LABEL": "Bay Saint Louis" },
    { "VALUE": "980", "LABEL": "Biloxi" },
    { "VALUE": "981", "LABEL": "Canton" },
    { "VALUE": "982", "LABEL": "Clarksdale" },
    { "VALUE": "983", "LABEL": "Columbia" },
    { "VALUE": "984", "LABEL": "Columbus" },
    { "VALUE": "985", "LABEL": "Corinth" },
    { "VALUE": "986", "LABEL": "Greenville" },
    { "VALUE": "987", "LABEL": "Greenwood" },
    { "VALUE": "988", "LABEL": "Grenada" },
    { "VALUE": "989", "LABEL": "Gulfport" },
    { "VALUE": "990", "LABEL": "Hattiesburg" },
    { "VALUE": "991", "LABEL": "Holly Springs" },
    { "VALUE": "992", "LABEL": "Jackson" },
    { "VALUE": "993", "LABEL": "Laurel" },
    { "VALUE": "994", "LABEL": "Meridian" },
    { "VALUE": "995", "LABEL": "Natchez" },
    { "VALUE": "996", "LABEL": "Ocean Springs" },
    { "VALUE": "997", "LABEL": "Oxford" },
    { "VALUE": "998", "LABEL": "Pascagoula" },
    { "VALUE": "999", "LABEL": "Pass Christian" },
    { "VALUE": "1000", "LABEL": "Philadelphia" },
    { "VALUE": "1001", "LABEL": "Port Gibson" },
    { "VALUE": "1002", "LABEL": "Starkville" },
    { "VALUE": "1003", "LABEL": "Tupelo" },
    { "VALUE": "1004", "LABEL": "Vicksburg" },
    { "VALUE": "1005", "LABEL": "West Point" },
    { "VALUE": "1006", "LABEL": "Yazoo City" },
    { "VALUE": "1007", "LABEL": "Boonville" },
    { "VALUE": "1008", "LABEL": "Branson" },
    { "VALUE": "1009", "LABEL": "Cape Girardeau" },
    { "VALUE": "1010", "LABEL": "Carthage" },
    { "VALUE": "1011", "LABEL": "Chillicothe" },
    { "VALUE": "1012", "LABEL": "Clayton" },
    { "VALUE": "1013", "LABEL": "Columbia" },
    { "VALUE": "1014", "LABEL": "Excelsior Springs" },
    { "VALUE": "1015", "LABEL": "Ferguson" },
    { "VALUE": "1016", "LABEL": "Florissant" },
    { "VALUE": "1017", "LABEL": "Fulton" },
    { "VALUE": "1018", "LABEL": "Hannibal" },
    { "VALUE": "1019", "LABEL": "Independence" },
    { "VALUE": "1020", "LABEL": "Jefferson City" },
    { "VALUE": "1021", "LABEL": "Joplin" },
    { "VALUE": "1022", "LABEL": "Kansas City" },
    { "VALUE": "1023", "LABEL": "Kirksville" },
    { "VALUE": "1024", "LABEL": "Lamar" },
    { "VALUE": "1025", "LABEL": "Lebanon" },
    { "VALUE": "1026", "LABEL": "Lexington" },
    { "VALUE": "1027", "LABEL": "Maryville" },
    { "VALUE": "1028", "LABEL": "Mexico" },
    { "VALUE": "1029", "LABEL": "Monett" },
    { "VALUE": "1030", "LABEL": "Neosho" },
    { "VALUE": "1031", "LABEL": "New Madrid" },
    { "VALUE": "1032", "LABEL": "Rolla" },
    { "VALUE": "1033", "LABEL": "Saint Charles" },
    { "VALUE": "1034", "LABEL": "Saint Joseph" },
    { "VALUE": "1035", "LABEL": "Saint Louis" },
    { "VALUE": "1036", "LABEL": "Sainte Genevieve" },
    { "VALUE": "1037", "LABEL": "Salem" },
    { "VALUE": "1038", "LABEL": "Sedalia" },
    { "VALUE": "1039", "LABEL": "Springfield" },
    { "VALUE": "1040", "LABEL": "Warrensburg" },
    { "VALUE": "1041", "LABEL": "West Plains" },
    { "VALUE": "1042", "LABEL": "Anaconda" },
    { "VALUE": "1043", "LABEL": "Billings" },
    { "VALUE": "1044", "LABEL": "Bozeman" },
    { "VALUE": "1045", "LABEL": "Butte" },
    { "VALUE": "1046", "LABEL": "Dillon" },
    { "VALUE": "1047", "LABEL": "Fort Benton" },
    { "VALUE": "1048", "LABEL": "Glendive" },
    { "VALUE": "1049", "LABEL": "Great Falls" },
    { "VALUE": "1050", "LABEL": "Havre" },
    { "VALUE": "1051", "LABEL": "Helena" },
    { "VALUE": "1052", "LABEL": "Kalispell" },
    { "VALUE": "1053", "LABEL": "Lewistown" },
    { "VALUE": "1054", "LABEL": "Livingston" },
    { "VALUE": "1055", "LABEL": "Miles City" },
    { "VALUE": "1056", "LABEL": "Missoula" },
    { "VALUE": "1057", "LABEL": "Virginia City" },
    { "VALUE": "1058", "LABEL": "Beatrice" },
    { "VALUE": "1059", "LABEL": "Bellevue" },
    { "VALUE": "1060", "LABEL": "Boys Town" },
    { "VALUE": "1061", "LABEL": "Chadron" },
    { "VALUE": "1062", "LABEL": "Columbus" },
    { "VALUE": "1063", "LABEL": "Fremont" },
    { "VALUE": "1064", "LABEL": "Grand Island" },
    { "VALUE": "1065", "LABEL": "Hastings" },
    { "VALUE": "1066", "LABEL": "Kearney" },
    { "VALUE": "1067", "LABEL": "Lincoln" },
    { "VALUE": "1068", "LABEL": "McCook" },
    { "VALUE": "1069", "LABEL": "Minden" },
    { "VALUE": "1070", "LABEL": "Nebraska City" },
    { "VALUE": "1071", "LABEL": "Norfolk" },
    { "VALUE": "1072", "LABEL": "North Platte" },
    { "VALUE": "1073", "LABEL": "Omaha" },
    { "VALUE": "1074", "LABEL": "Plattsmouth" },
    { "VALUE": "1075", "LABEL": "Red Cloud" },
    { "VALUE": "1076", "LABEL": "Sidney" },
    { "VALUE": "1077", "LABEL": "Boulder City" },
    { "VALUE": "1078", "LABEL": "Carson City" },
    { "VALUE": "1079", "LABEL": "Elko" },
    { "VALUE": "1080", "LABEL": "Ely" },
    { "VALUE": "1081", "LABEL": "Fallon" },
    { "VALUE": "1082", "LABEL": "Genoa" },
    { "VALUE": "1083", "LABEL": "Goldfield" },
    { "VALUE": "1084", "LABEL": "Henderson" },
    { "VALUE": "1085", "LABEL": "Las Vegas" },
    { "VALUE": "1086", "LABEL": "North Las Vegas" },
    { "VALUE": "1087", "LABEL": "Reno" },
    { "VALUE": "1088", "LABEL": "Sparks" },
    { "VALUE": "1089", "LABEL": "Virginia City" },
    { "VALUE": "1090", "LABEL": "Winnemucca" },
    { "VALUE": "1091", "LABEL": "Berlin" },
    { "VALUE": "1092", "LABEL": "Claremont" },
    { "VALUE": "1093", "LABEL": "Concord" },
    { "VALUE": "1094", "LABEL": "Derry" },
    { "VALUE": "1095", "LABEL": "Dover" },
    { "VALUE": "1096", "LABEL": "Durham" },
    { "VALUE": "1097", "LABEL": "Exeter" },
    { "VALUE": "1098", "LABEL": "Franklin" },
    { "VALUE": "1099", "LABEL": "Hanover" },
    { "VALUE": "1100", "LABEL": "Hillsborough" },
    { "VALUE": "1101", "LABEL": "Keene" },
    { "VALUE": "1102", "LABEL": "Laconia" },
    { "VALUE": "1103", "LABEL": "Lebanon" },
    { "VALUE": "1104", "LABEL": "Manchester" },
    { "VALUE": "1105", "LABEL": "Nashua" },
    { "VALUE": "1106", "LABEL": "Peterborough" },
    { "VALUE": "1107", "LABEL": "Plymouth" },
    { "VALUE": "1108", "LABEL": "Portsmouth" },
    { "VALUE": "1109", "LABEL": "Rochester" },
    { "VALUE": "1110", "LABEL": "Salem" },
    { "VALUE": "1111", "LABEL": "Somersworth" },
    { "VALUE": "1112", "LABEL": "Asbury Park" },
    { "VALUE": "1113", "LABEL": "Atlantic City" },
    { "VALUE": "1114", "LABEL": "Bayonne" },
    { "VALUE": "1115", "LABEL": "Bloomfield" },
    { "VALUE": "1116", "LABEL": "Bordentown" },
    { "VALUE": "1117", "LABEL": "Bound Brook" },
    { "VALUE": "1118", "LABEL": "Bridgeton" },
    { "VALUE": "1119", "LABEL": "Burlington" },
    { "VALUE": "1120", "LABEL": "Caldwell" },
    { "VALUE": "1121", "LABEL": "Camden" },
    { "VALUE": "1122", "LABEL": "Cape May" },
    { "VALUE": "1123", "LABEL": "Clifton" },
    { "VALUE": "1124", "LABEL": "Cranford" },
    { "VALUE": "1125", "LABEL": "East Orange" },
    { "VALUE": "1126", "LABEL": "Edison" },
    { "VALUE": "1127", "LABEL": "Elizabeth" },
    { "VALUE": "1128", "LABEL": "Englewood" },
    { "VALUE": "1129", "LABEL": "Fort Lee" },
    { "VALUE": "1130", "LABEL": "Glassboro" },
    { "VALUE": "1131", "LABEL": "Hackensack" },
    { "VALUE": "1132", "LABEL": "Haddonfield" },
    { "VALUE": "1133", "LABEL": "Hoboken" },
    { "VALUE": "1134", "LABEL": "Irvington" },
    { "VALUE": "1135", "LABEL": "Jersey City" },
    { "VALUE": "1136", "LABEL": "Lakehurst" },
    { "VALUE": "1137", "LABEL": "Lakewood" },
    { "VALUE": "1138", "LABEL": "Long Beach" },
    { "VALUE": "1139", "LABEL": "Long Branch" },
    { "VALUE": "1140", "LABEL": "Madison" },
    { "VALUE": "1141", "LABEL": "Menlo Park" },
    { "VALUE": "1142", "LABEL": "Millburn" },
    { "VALUE": "1143", "LABEL": "Millville" },
    { "VALUE": "1144", "LABEL": "Montclair" },
    { "VALUE": "1145", "LABEL": "Morristown" },
    { "VALUE": "1146", "LABEL": "Mount Holly" },
    { "VALUE": "1147", "LABEL": "New Brunswick" },
    { "VALUE": "1148", "LABEL": "New Milford" },
    { "VALUE": "1149", "LABEL": "Newark" },
    { "VALUE": "1150", "LABEL": "Ocean City" },
    { "VALUE": "1151", "LABEL": "Orange" },
    { "VALUE": "1152", "LABEL": "Parsippany–Troy Hills" },
    { "VALUE": "1153", "LABEL": "Passaic" },
    { "VALUE": "1154", "LABEL": "Paterson" },
    { "VALUE": "1155", "LABEL": "Perth Amboy" },
    { "VALUE": "1156", "LABEL": "Plainfield" },
    { "VALUE": "1157", "LABEL": "Princeton" },
    { "VALUE": "1158", "LABEL": "Ridgewood" },
    { "VALUE": "1159", "LABEL": "Roselle" },
    { "VALUE": "1160", "LABEL": "Rutherford" },
    { "VALUE": "1161", "LABEL": "Salem" },
    { "VALUE": "1162", "LABEL": "Somerville" },
    { "VALUE": "1163", "LABEL": "South Orange Village" },
    { "VALUE": "1164", "LABEL": "Totowa" },
    { "VALUE": "1165", "LABEL": "Trenton" },
    { "VALUE": "1166", "LABEL": "Union" },
    { "VALUE": "1167", "LABEL": "Union City" },
    { "VALUE": "1168", "LABEL": "Vineland" },
    { "VALUE": "1169", "LABEL": "Wayne" },
    { "VALUE": "1170", "LABEL": "Weehawken" },
    { "VALUE": "1171", "LABEL": "West New York" },
    { "VALUE": "1172", "LABEL": "West Orange" },
    { "VALUE": "1173", "LABEL": "Willingboro" },
    { "VALUE": "1174", "LABEL": "Woodbridge" },
    { "VALUE": "1175", "LABEL": "Acoma" },
    { "VALUE": "1176", "LABEL": "Alamogordo" },
    { "VALUE": "1177", "LABEL": "Albuquerque" },
    { "VALUE": "1178", "LABEL": "Artesia" },
    { "VALUE": "1179", "LABEL": "Belen" },
    { "VALUE": "1180", "LABEL": "Carlsbad" },
    { "VALUE": "1181", "LABEL": "Clovis" },
    { "VALUE": "1182", "LABEL": "Deming" },
    { "VALUE": "1183", "LABEL": "Farmington" },
    { "VALUE": "1184", "LABEL": "Gallup" },
    { "VALUE": "1185", "LABEL": "Grants" },
    { "VALUE": "1186", "LABEL": "Hobbs" },
    { "VALUE": "1187", "LABEL": "Las Cruces" },
    { "VALUE": "1188", "LABEL": "Las Vegas" },
    { "VALUE": "1189", "LABEL": "Los Alamos" },
    { "VALUE": "1190", "LABEL": "Lovington" },
    { "VALUE": "1191", "LABEL": "Portales" },
    { "VALUE": "1192", "LABEL": "Raton" },
    { "VALUE": "1193", "LABEL": "Roswell" },
    { "VALUE": "1194", "LABEL": "Santa Fe" },
    { "VALUE": "1195", "LABEL": "Shiprock" },
    { "VALUE": "1196", "LABEL": "Silver City" },
    { "VALUE": "1197", "LABEL": "Socorro" },
    { "VALUE": "1198", "LABEL": "Taos" },
    { "VALUE": "1199", "LABEL": "Truth or Consequences" },
    { "VALUE": "1200", "LABEL": "Tucumcari" },
    { "VALUE": "1201", "LABEL": "Albany" },
    { "VALUE": "1202", "LABEL": "Amsterdam" },
    { "VALUE": "1203", "LABEL": "Auburn" },
    { "VALUE": "1204", "LABEL": "Babylon" },
    { "VALUE": "1205", "LABEL": "Batavia" },
    { "VALUE": "1206", "LABEL": "Beacon" },
    { "VALUE": "1207", "LABEL": "Bedford" },
    { "VALUE": "1208", "LABEL": "Binghamton" },
    { "VALUE": "1209", "LABEL": "Bronx" },
    { "VALUE": "1210", "LABEL": "Brooklyn" },
    { "VALUE": "1211", "LABEL": "Buffalo" },
    { "VALUE": "1212", "LABEL": "Chautauqua" },
    { "VALUE": "1213", "LABEL": "Cheektowaga" },
    { "VALUE": "1214", "LABEL": "Clinton" },
    { "VALUE": "1215", "LABEL": "Cohoes" },
    { "VALUE": "1216", "LABEL": "Coney Island" },
    { "VALUE": "1217", "LABEL": "Cooperstown" },
    { "VALUE": "1218", "LABEL": "Corning" },
    { "VALUE": "1219", "LABEL": "Cortland" },
    { "VALUE": "1220", "LABEL": "Crown Point" },
    { "VALUE": "1221", "LABEL": "Dunkirk" },
    { "VALUE": "1222", "LABEL": "East Aurora" },
    { "VALUE": "1223", "LABEL": "East Hampton" },
    { "VALUE": "1224", "LABEL": "Eastchester" },
    { "VALUE": "1225", "LABEL": "Elmira" },
    { "VALUE": "1226", "LABEL": "Flushing" },
    { "VALUE": "1227", "LABEL": "Forest Hills" },
    { "VALUE": "1228", "LABEL": "Fredonia" },
    { "VALUE": "1229", "LABEL": "Garden City" },
    { "VALUE": "1230", "LABEL": "Geneva" },
    { "VALUE": "1231", "LABEL": "Glens Falls" },
    { "VALUE": "1232", "LABEL": "Gloversville" },
    { "VALUE": "1233", "LABEL": "Great Neck" },
    { "VALUE": "1234", "LABEL": "Hammondsport" },
    { "VALUE": "1235", "LABEL": "Harlem" },
    { "VALUE": "1236", "LABEL": "Hempstead" },
    { "VALUE": "1237", "LABEL": "Herkimer" },
    { "VALUE": "1238", "LABEL": "Hudson" },
    { "VALUE": "1239", "LABEL": "Huntington" },
    { "VALUE": "1240", "LABEL": "Hyde Park" },
    { "VALUE": "1241", "LABEL": "Ilion" },
    { "VALUE": "1242", "LABEL": "Ithaca" },
    { "VALUE": "1243", "LABEL": "Jamestown" },
    { "VALUE": "1244", "LABEL": "Johnstown" },
    { "VALUE": "1245", "LABEL": "Kingston" },
    { "VALUE": "1246", "LABEL": "Lackawanna" },
    { "VALUE": "1247", "LABEL": "Lake Placid" },
    { "VALUE": "1248", "LABEL": "Levittown" },
    { "VALUE": "1249", "LABEL": "Lockport" },
    { "VALUE": "1250", "LABEL": "Mamaroneck" },
    { "VALUE": "1251", "LABEL": "Manhattan" },
    { "VALUE": "1252", "LABEL": "Massena" },
    { "VALUE": "1253", "LABEL": "Middletown" },
    { "VALUE": "1254", "LABEL": "Mineola" },
    { "VALUE": "1255", "LABEL": "Mount Vernon" },
    { "VALUE": "1256", "LABEL": "New Paltz" },
    { "VALUE": "1257", "LABEL": "New Rochelle" },
    { "VALUE": "1258", "LABEL": "New Windsor" },
    { "VALUE": "1259", "LABEL": "New York City" },
    { "VALUE": "1260", "LABEL": "Newburgh" },
    { "VALUE": "1261", "LABEL": "Niagara Falls" },
    { "VALUE": "1262", "LABEL": "North Hempstead" },
    { "VALUE": "1263", "LABEL": "Nyack" },
    { "VALUE": "1264", "LABEL": "Ogdensburg" },
    { "VALUE": "1265", "LABEL": "Olean" },
    { "VALUE": "1266", "LABEL": "Oneida" },
    { "VALUE": "1267", "LABEL": "Oneonta" },
    { "VALUE": "1268", "LABEL": "Ossining" },
    { "VALUE": "1269", "LABEL": "Oswego" },
    { "VALUE": "1270", "LABEL": "Oyster Bay" },
    { "VALUE": "1271", "LABEL": "Palmyra" },
    { "VALUE": "1272", "LABEL": "Peekskill" },
    { "VALUE": "1273", "LABEL": "Plattsburgh" },
    { "VALUE": "1274", "LABEL": "Port Washington" },
    { "VALUE": "1275", "LABEL": "Potsdam" },
    { "VALUE": "1276", "LABEL": "Poughkeepsie" },
    { "VALUE": "1277", "LABEL": "Queens" },
    { "VALUE": "1278", "LABEL": "Rensselaer" },
    { "VALUE": "1279", "LABEL": "Rochester" },
    { "VALUE": "1280", "LABEL": "Rome" },
    { "VALUE": "1281", "LABEL": "Rotterdam" },
    { "VALUE": "1282", "LABEL": "Rye" },
    { "VALUE": "1283", "LABEL": "Sag Harbor" },
    { "VALUE": "1284", "LABEL": "Saranac Lake" },
    { "VALUE": "1285", "LABEL": "Saratoga Springs" },
    { "VALUE": "1286", "LABEL": "Scarsdale" },
    { "VALUE": "1287", "LABEL": "Schenectady" },
    { "VALUE": "1288", "LABEL": "Seneca Falls" },
    { "VALUE": "1289", "LABEL": "Southampton" },
    { "VALUE": "1290", "LABEL": "Staten Island" },
    { "VALUE": "1291", "LABEL": "Stony Brook" },
    { "VALUE": "1292", "LABEL": "Stony Point" },
    { "VALUE": "1293", "LABEL": "Syracuse" },
    { "VALUE": "1294", "LABEL": "Tarrytown" },
    { "VALUE": "1295", "LABEL": "Ticonderoga" },
    { "VALUE": "1296", "LABEL": "Tonawanda" },
    { "VALUE": "1297", "LABEL": "Troy" },
    { "VALUE": "1298", "LABEL": "Utica" },
    { "VALUE": "1299", "LABEL": "Watertown" },
    { "VALUE": "1300", "LABEL": "Watervliet" },
    { "VALUE": "1301", "LABEL": "Watkins Glen" },
    { "VALUE": "1302", "LABEL": "West Seneca" },
    { "VALUE": "1303", "LABEL": "White Plains" },
    { "VALUE": "1304", "LABEL": "Woodstock" },
    { "VALUE": "1305", "LABEL": "Yonkers" },
    { "VALUE": "1306", "LABEL": "Asheboro" },
    { "VALUE": "1307", "LABEL": "Asheville" },
    { "VALUE": "1308", "LABEL": "Bath" },
    { "VALUE": "1309", "LABEL": "Beaufort" },
    { "VALUE": "1310", "LABEL": "Boone" },
    { "VALUE": "1311", "LABEL": "Burlington" },
    { "VALUE": "1312", "LABEL": "Chapel Hill" },
    { "VALUE": "1313", "LABEL": "Charlotte" },
    { "VALUE": "1314", "LABEL": "Concord" },
    { "VALUE": "1315", "LABEL": "Durham" },
    { "VALUE": "1316", "LABEL": "Edenton" },
    { "VALUE": "1317", "LABEL": "Elizabeth City" },
    { "VALUE": "1318", "LABEL": "Fayetteville" },
    { "VALUE": "1319", "LABEL": "Gastonia" },
    { "VALUE": "1320", "LABEL": "Goldsboro" },
    { "VALUE": "1321", "LABEL": "Greensboro" },
    { "VALUE": "1322", "LABEL": "Greenville" },
    { "VALUE": "1323", "LABEL": "Halifax" },
    { "VALUE": "1324", "LABEL": "Henderson" },
    { "VALUE": "1325", "LABEL": "Hickory" },
    { "VALUE": "1326", "LABEL": "High Point" },
    { "VALUE": "1327", "LABEL": "Hillsborough" },
    { "VALUE": "1328", "LABEL": "Jacksonville" },
    { "VALUE": "1329", "LABEL": "Kinston" },
    { "VALUE": "1330", "LABEL": "Kitty Hawk" },
    { "VALUE": "1331", "LABEL": "Lumberton" },
    { "VALUE": "1332", "LABEL": "Morehead City" },
    { "VALUE": "1333", "LABEL": "Morganton" },
    { "VALUE": "1334", "LABEL": "Nags Head" },
    { "VALUE": "1335", "LABEL": "New Bern" },
    { "VALUE": "1336", "LABEL": "Pinehurst" },
    { "VALUE": "1337", "LABEL": "Raleigh" },
    { "VALUE": "1338", "LABEL": "Rocky Mount" },
    { "VALUE": "1339", "LABEL": "Salisbury" },
    { "VALUE": "1340", "LABEL": "Shelby" },
    { "VALUE": "1341", "LABEL": "Washington" },
    { "VALUE": "1342", "LABEL": "Wilmington" },
    { "VALUE": "1343", "LABEL": "Wilson" },
    { "VALUE": "1344", "LABEL": "Winston-Salem" },
    { "VALUE": "1345", "LABEL": "Bismarck" },
    { "VALUE": "1346", "LABEL": "Devils Lake" },
    { "VALUE": "1347", "LABEL": "Dickinson" },
    { "VALUE": "1348", "LABEL": "Fargo" },
    { "VALUE": "1349", "LABEL": "Grand Forks" },
    { "VALUE": "1350", "LABEL": "Jamestown" },
    { "VALUE": "1351", "LABEL": "Mandan" },
    { "VALUE": "1352", "LABEL": "Minot" },
    { "VALUE": "1353", "LABEL": "Rugby" },
    { "VALUE": "1354", "LABEL": "Valley City" },
    { "VALUE": "1355", "LABEL": "Wahpeton" },
    { "VALUE": "1356", "LABEL": "Williston" },
    { "VALUE": "1357", "LABEL": "Akron" },
    { "VALUE": "1358", "LABEL": "Alliance" },
    { "VALUE": "1359", "LABEL": "Ashtabula" },
    { "VALUE": "1360", "LABEL": "Athens" },
    { "VALUE": "1361", "LABEL": "Barberton" },
    { "VALUE": "1362", "LABEL": "Bedford" },
    { "VALUE": "1363", "LABEL": "Bellefontaine" },
    { "VALUE": "1364", "LABEL": "Bowling Green" },
    { "VALUE": "1365", "LABEL": "Canton" },
    { "VALUE": "1366", "LABEL": "Chillicothe" },
    { "VALUE": "1367", "LABEL": "Cincinnati" },
    { "VALUE": "1368", "LABEL": "Cleveland" },
    { "VALUE": "1369", "LABEL": "Cleveland Heights" },
    { "VALUE": "1370", "LABEL": "Columbus" },
    { "VALUE": "1371", "LABEL": "Conneaut" },
    { "VALUE": "1372", "LABEL": "Cuyahoga Falls" },
    { "VALUE": "1373", "LABEL": "Dayton" },
    { "VALUE": "1374", "LABEL": "Defiance" },
    { "VALUE": "1375", "LABEL": "Delaware" },
    { "VALUE": "1376", "LABEL": "East Cleveland" },
    { "VALUE": "1377", "LABEL": "East Liverpool" },
    { "VALUE": "1378", "LABEL": "Elyria" },
    { "VALUE": "1379", "LABEL": "Euclid" },
    { "VALUE": "1380", "LABEL": "Findlay" },
    { "VALUE": "1381", "LABEL": "Gallipolis" },
    { "VALUE": "1382", "LABEL": "Greenville" },
    { "VALUE": "1383", "LABEL": "Hamilton" },
    { "VALUE": "1384", "LABEL": "Kent" },
    { "VALUE": "1385", "LABEL": "Kettering" },
    { "VALUE": "1386", "LABEL": "Lakewood" },
    { "VALUE": "1387", "LABEL": "Lancaster" },
    { "VALUE": "1388", "LABEL": "Lima" },
    { "VALUE": "1389", "LABEL": "Lorain" },
    { "VALUE": "1390", "LABEL": "Mansfield" },
    { "VALUE": "1391", "LABEL": "Marietta" },
    { "VALUE": "1392", "LABEL": "Marion" },
    { "VALUE": "1393", "LABEL": "Martins Ferry" },
    { "VALUE": "1394", "LABEL": "Massillon" },
    { "VALUE": "1395", "LABEL": "Mentor" },
    { "VALUE": "1396", "LABEL": "Middletown" },
    { "VALUE": "1397", "LABEL": "Milan" },
    { "VALUE": "1398", "LABEL": "Mount Vernon" },
    { "VALUE": "1399", "LABEL": "New Philadelphia" },
    { "VALUE": "1400", "LABEL": "Newark" },
    { "VALUE": "1401", "LABEL": "Niles" },
    { "VALUE": "1402", "LABEL": "North College Hill" },
    { "VALUE": "1403", "LABEL": "Norwalk" },
    { "VALUE": "1404", "LABEL": "Oberlin" },
    { "VALUE": "1405", "LABEL": "Painesville" },
    { "VALUE": "1406", "LABEL": "Parma" },
    { "VALUE": "1407", "LABEL": "Piqua" },
    { "VALUE": "1408", "LABEL": "Portsmouth" },
    { "VALUE": "1409", "LABEL": "Put-in-Bay" },
    { "VALUE": "1410", "LABEL": "Salem" },
    { "VALUE": "1411", "LABEL": "Sandusky" },
    { "VALUE": "1412", "LABEL": "Shaker Heights" },
    { "VALUE": "1413", "LABEL": "Springfield" },
    { "VALUE": "1414", "LABEL": "Steubenville" },
    { "VALUE": "1415", "LABEL": "Tiffin" },
    { "VALUE": "1416", "LABEL": "Toledo" },
    { "VALUE": "1417", "LABEL": "Urbana" },
    { "VALUE": "1418", "LABEL": "Warren" },
    { "VALUE": "1419", "LABEL": "Wooster" },
    { "VALUE": "1420", "LABEL": "Worthington" },
    { "VALUE": "1421", "LABEL": "Xenia" },
    { "VALUE": "1422", "LABEL": "Yellow Springs" },
    { "VALUE": "1423", "LABEL": "Youngstown" },
    { "VALUE": "1424", "LABEL": "Zanesville" },
    { "VALUE": "1425", "LABEL": "Ada" },
    { "VALUE": "1426", "LABEL": "Altus" },
    { "VALUE": "1427", "LABEL": "Alva" },
    { "VALUE": "1428", "LABEL": "Anadarko" },
    { "VALUE": "1429", "LABEL": "Ardmore" },
    { "VALUE": "1430", "LABEL": "Bartlesville" },
    { "VALUE": "1431", "LABEL": "Bethany" },
    { "VALUE": "1432", "LABEL": "Chickasha" },
    { "VALUE": "1433", "LABEL": "Claremore" },
    { "VALUE": "1434", "LABEL": "Clinton" },
    { "VALUE": "1435", "LABEL": "Cushing" },
    { "VALUE": "1436", "LABEL": "Duncan" },
    { "VALUE": "1437", "LABEL": "Durant" },
    { "VALUE": "1438", "LABEL": "Edmond" },
    { "VALUE": "1439", "LABEL": "El Reno" },
    { "VALUE": "1440", "LABEL": "Elk City" },
    { "VALUE": "1441", "LABEL": "Enid" },
    { "VALUE": "1442", "LABEL": "Eufaula" },
    { "VALUE": "1443", "LABEL": "Frederick" },
    { "VALUE": "1444", "LABEL": "Guthrie" },
    { "VALUE": "1445", "LABEL": "Guymon" },
    { "VALUE": "1446", "LABEL": "Hobart" },
    { "VALUE": "1447", "LABEL": "Holdenville" },
    { "VALUE": "1448", "LABEL": "Hugo" },
    { "VALUE": "1449", "LABEL": "Lawton" },
    { "VALUE": "1450", "LABEL": "McAlester" },
    { "VALUE": "1451", "LABEL": "Miami" },
    { "VALUE": "1452", "LABEL": "Midwest City" },
    { "VALUE": "1453", "LABEL": "Moore" },
    { "VALUE": "1454", "LABEL": "Muskogee" },
    { "VALUE": "1455", "LABEL": "Norman" },
    { "VALUE": "1456", "LABEL": "Oklahoma City" },
    { "VALUE": "1457", "LABEL": "Okmulgee" },
    { "VALUE": "1458", "LABEL": "Pauls Valley" },
    { "VALUE": "1459", "LABEL": "Pawhuska" },
    { "VALUE": "1460", "LABEL": "Perry" },
    { "VALUE": "1461", "LABEL": "Ponca City" },
    { "VALUE": "1462", "LABEL": "Pryor" },
    { "VALUE": "1463", "LABEL": "Sallisaw" },
    { "VALUE": "1464", "LABEL": "Sand Springs" },
    { "VALUE": "1465", "LABEL": "Sapulpa" },
    { "VALUE": "1466", "LABEL": "Seminole" },
    { "VALUE": "1467", "LABEL": "Shawnee" },
    { "VALUE": "1468", "LABEL": "Stillwater" },
    { "VALUE": "1469", "LABEL": "Tahlequah" },
    { "VALUE": "1470", "LABEL": "The Village" },
    { "VALUE": "1471", "LABEL": "Tulsa" },
    { "VALUE": "1472", "LABEL": "Vinita" },
    { "VALUE": "1473", "LABEL": "Wewoka" },
    { "VALUE": "1474", "LABEL": "Woodward" },
    { "VALUE": "1475", "LABEL": "Albany" },
    { "VALUE": "1476", "LABEL": "Ashland" },
    { "VALUE": "1477", "LABEL": "Astoria" },
    { "VALUE": "1478", "LABEL": "Baker City" },
    { "VALUE": "1479", "LABEL": "Beaverton" },
    { "VALUE": "1480", "LABEL": "Bend" },
    { "VALUE": "1481", "LABEL": "Brookings" },
    { "VALUE": "1482", "LABEL": "Burns" },
    { "VALUE": "1483", "LABEL": "Coos Bay" },
    { "VALUE": "1484", "LABEL": "Corvallis" },
    { "VALUE": "1485", "LABEL": "Eugene" },
    { "VALUE": "1486", "LABEL": "Grants Pass" },
    { "VALUE": "1487", "LABEL": "Hillsboro" },
    { "VALUE": "1488", "LABEL": "Hood River" },
    { "VALUE": "1489", "LABEL": "Jacksonville" },
    { "VALUE": "1490", "LABEL": "John Day" },
    { "VALUE": "1491", "LABEL": "Klamath Falls" },
    { "VALUE": "1492", "LABEL": "La Grande" },
    { "VALUE": "1493", "LABEL": "Lake Oswego" },
    { "VALUE": "1494", "LABEL": "Lakeview" },
    { "VALUE": "1495", "LABEL": "McMinnville" },
    { "VALUE": "1496", "LABEL": "Medford" },
    { "VALUE": "1497", "LABEL": "Newberg" },
    { "VALUE": "1498", "LABEL": "Newport" },
    { "VALUE": "1499", "LABEL": "Ontario" },
    { "VALUE": "1500", "LABEL": "Oregon City" },
    { "VALUE": "1501", "LABEL": "Pendleton" },
    { "VALUE": "1502", "LABEL": "Port Orford" },
    { "VALUE": "1503", "LABEL": "Portland" },
    { "VALUE": "1504", "LABEL": "Prineville" },
    { "VALUE": "1505", "LABEL": "Redmond" },
    { "VALUE": "1506", "LABEL": "Reedsport" },
    { "VALUE": "1507", "LABEL": "Roseburg" },
    { "VALUE": "1508", "LABEL": "Salem" },
    { "VALUE": "1509", "LABEL": "Seaside" },
    { "VALUE": "1510", "LABEL": "Springfield" },
    { "VALUE": "1511", "LABEL": "The Dalles" },
    { "VALUE": "1512", "LABEL": "Tillamook" },
    { "VALUE": "1513", "LABEL": "Abington" },
    { "VALUE": "1514", "LABEL": "Aliquippa" },
    { "VALUE": "1515", "LABEL": "Allentown" },
    { "VALUE": "1516", "LABEL": "Altoona" },
    { "VALUE": "1517", "LABEL": "Ambridge" },
    { "VALUE": "1518", "LABEL": "Bedford" },
    { "VALUE": "1519", "LABEL": "Bethlehem" },
    { "VALUE": "1520", "LABEL": "Bloomsburg" },
    { "VALUE": "1521", "LABEL": "Bradford" },
    { "VALUE": "1522", "LABEL": "Bristol" },
    { "VALUE": "1523", "LABEL": "Carbondale" },
    { "VALUE": "1524", "LABEL": "Carlisle" },
    { "VALUE": "1525", "LABEL": "Chambersburg" },
    { "VALUE": "1526", "LABEL": "Chester" },
    { "VALUE": "1527", "LABEL": "Columbia" },
    { "VALUE": "1528", "LABEL": "Easton" },
    { "VALUE": "1529", "LABEL": "Erie" },
    { "VALUE": "1530", "LABEL": "Franklin" },
    { "VALUE": "1531", "LABEL": "Germantown" },
    { "VALUE": "1532", "LABEL": "Gettysburg" },
    { "VALUE": "1533", "LABEL": "Greensburg" },
    { "VALUE": "1534", "LABEL": "Hanover" },
    { "VALUE": "1535", "LABEL": "Harmony" },
    { "VALUE": "1536", "LABEL": "Harrisburg" },
    { "VALUE": "1537", "LABEL": "Hazleton" },
    { "VALUE": "1538", "LABEL": "Hershey" },
    { "VALUE": "1539", "LABEL": "Homestead" },
    { "VALUE": "1540", "LABEL": "Honesdale" },
    { "VALUE": "1541", "LABEL": "Indiana" },
    { "VALUE": "1542", "LABEL": "Jeannette" },
    { "VALUE": "1543", "LABEL": "Jim Thorpe" },
    { "VALUE": "1544", "LABEL": "Johnstown" },
    { "VALUE": "1545", "LABEL": "Lancaster" },
    { "VALUE": "1546", "LABEL": "Lebanon" },
    { "VALUE": "1547", "LABEL": "Levittown" },
    { "VALUE": "1548", "LABEL": "Lewistown" },
    { "VALUE": "1549", "LABEL": "Lock Haven" },
    { "VALUE": "1550", "LABEL": "Lower Southampton" },
    { "VALUE": "1551", "LABEL": "McKeesport" },
    { "VALUE": "1552", "LABEL": "Meadville" },
    { "VALUE": "1553", "LABEL": "Middletown" },
    { "VALUE": "1554", "LABEL": "Monroeville" },
    { "VALUE": "1555", "LABEL": "Nanticoke" },
    { "VALUE": "1556", "LABEL": "New Castle" },
    { "VALUE": "1557", "LABEL": "New Hope" },
    { "VALUE": "1558", "LABEL": "New Kensington" },
    { "VALUE": "1559", "LABEL": "Norristown" },
    { "VALUE": "1560", "LABEL": "Oil City" },
    { "VALUE": "1561", "LABEL": "Philadelphia" },
    { "VALUE": "1562", "LABEL": "Phoenixville" },
    { "VALUE": "1563", "LABEL": "Pittsburgh" },
    { "VALUE": "1564", "LABEL": "Pottstown" },
    { "VALUE": "1565", "LABEL": "Pottsville" },
    { "VALUE": "1566", "LABEL": "Reading" },
    { "VALUE": "1567", "LABEL": "Scranton" },
    { "VALUE": "1568", "LABEL": "Shamokin" },
    { "VALUE": "1569", "LABEL": "Sharon" },
    { "VALUE": "1570", "LABEL": "State College" },
    { "VALUE": "1571", "LABEL": "Stroudsburg" },
    { "VALUE": "1572", "LABEL": "Sunbury" },
    { "VALUE": "1573", "LABEL": "Swarthmore" },
    { "VALUE": "1574", "LABEL": "Tamaqua" },
    { "VALUE": "1575", "LABEL": "Titusville" },
    { "VALUE": "1576", "LABEL": "Uniontown" },
    { "VALUE": "1577", "LABEL": "Warren" },
    { "VALUE": "1578", "LABEL": "Washington" },
    { "VALUE": "1579", "LABEL": "West Chester" },
    { "VALUE": "1580", "LABEL": "Wilkes-Barre" },
    { "VALUE": "1581", "LABEL": "Williamsport" },
    { "VALUE": "1582", "LABEL": "York" },
    { "VALUE": "1583", "LABEL": "Barrington" },
    { "VALUE": "1584", "LABEL": "Bristol" },
    { "VALUE": "1585", "LABEL": "Central Falls" },
    { "VALUE": "1586", "LABEL": "Cranston" },
    { "VALUE": "1587", "LABEL": "East Greenwich" },
    { "VALUE": "1588", "LABEL": "East Providence" },
    { "VALUE": "1589", "LABEL": "Kingston" },
    { "VALUE": "1590", "LABEL": "Middletown" },
    { "VALUE": "1591", "LABEL": "Narragansett" },
    { "VALUE": "1592", "LABEL": "Newport" },
    { "VALUE": "1593", "LABEL": "North Kingstown" },
    { "VALUE": "1594", "LABEL": "Pawtucket" },
    { "VALUE": "1595", "LABEL": "Portsmouth" },
    { "VALUE": "1596", "LABEL": "Providence" },
    { "VALUE": "1597", "LABEL": "South Kingstown" },
    { "VALUE": "1598", "LABEL": "Tiverton" },
    { "VALUE": "1599", "LABEL": "Warren" },
    { "VALUE": "1600", "LABEL": "Warwick" },
    { "VALUE": "1601", "LABEL": "Westerly" },
    { "VALUE": "1602", "LABEL": "Wickford" },
    { "VALUE": "1603", "LABEL": "Woonsocket" },
    { "VALUE": "1604", "LABEL": "Abbeville" },
    { "VALUE": "1605", "LABEL": "Aiken" },
    { "VALUE": "1606", "LABEL": "Anderson" },
    { "VALUE": "1607", "LABEL": "Beaufort" },
    { "VALUE": "1608", "LABEL": "Camden" },
    { "VALUE": "1609", "LABEL": "Charleston" },
    { "VALUE": "1610", "LABEL": "Columbia" },
    { "VALUE": "1611", "LABEL": "Darlington" },
    { "VALUE": "1612", "LABEL": "Florence" },
    { "VALUE": "1613", "LABEL": "Gaffney" },
    { "VALUE": "1614", "LABEL": "Georgetown" },
    { "VALUE": "1615", "LABEL": "Greenville" },
    { "VALUE": "1616", "LABEL": "Greenwood" },
    { "VALUE": "1617", "LABEL": "Hartsville" },
    { "VALUE": "1618", "LABEL": "Lancaster" },
    { "VALUE": "1619", "LABEL": "Mount Pleasant" },
    { "VALUE": "1620", "LABEL": "Myrtle Beach" },
    { "VALUE": "1621", "LABEL": "Orangeburg" },
    { "VALUE": "1622", "LABEL": "Rock Hill" },
    { "VALUE": "1623", "LABEL": "Spartanburg" },
    { "VALUE": "1624", "LABEL": "Sumter" },
    { "VALUE": "1625", "LABEL": "Union" },
    { "VALUE": "1626", "LABEL": "Aberdeen" },
    { "VALUE": "1627", "LABEL": "Belle Fourche" },
    { "VALUE": "1628", "LABEL": "Brookings" },
    { "VALUE": "1629", "LABEL": "Canton" },
    { "VALUE": "1630", "LABEL": "Custer" },
    { "VALUE": "1631", "LABEL": "De Smet" },
    { "VALUE": "1632", "LABEL": "Deadwood" },
    { "VALUE": "1633", "LABEL": "Hot Springs" },
    { "VALUE": "1634", "LABEL": "Huron" },
    { "VALUE": "1635", "LABEL": "Lead" },
    { "VALUE": "1636", "LABEL": "Madison" },
    { "VALUE": "1637", "LABEL": "Milbank" },
    { "VALUE": "1638", "LABEL": "Mitchell" },
    { "VALUE": "1639", "LABEL": "Mobridge" },
    { "VALUE": "1640", "LABEL": "Pierre" },
    { "VALUE": "1641", "LABEL": "Rapid City" },
    { "VALUE": "1642", "LABEL": "Sioux Falls" },
    { "VALUE": "1643", "LABEL": "Spearfish" },
    { "VALUE": "1644", "LABEL": "Sturgis" },
    { "VALUE": "1645", "LABEL": "Vermillion" },
    { "VALUE": "1646", "LABEL": "Watertown" },
    { "VALUE": "1647", "LABEL": "Yankton" },
    { "VALUE": "1648", "LABEL": "Alcoa" },
    { "VALUE": "1649", "LABEL": "Athens" },
    { "VALUE": "1650", "LABEL": "Chattanooga" },
    { "VALUE": "1651", "LABEL": "Clarksville" },
    { "VALUE": "1652", "LABEL": "Cleveland" },
    { "VALUE": "1653", "LABEL": "Columbia" },
    { "VALUE": "1654", "LABEL": "Cookeville" },
    { "VALUE": "1655", "LABEL": "Dayton" },
    { "VALUE": "1656", "LABEL": "Elizabethton" },
    { "VALUE": "1657", "LABEL": "Franklin" },
    { "VALUE": "1658", "LABEL": "Gallatin" },
    { "VALUE": "1659", "LABEL": "Gatlinburg" },
    { "VALUE": "1660", "LABEL": "Greeneville" },
    { "VALUE": "1661", "LABEL": "Jackson" },
    { "VALUE": "1662", "LABEL": "Johnson City" },
    { "VALUE": "1663", "LABEL": "Jonesborough" },
    { "VALUE": "1664", "LABEL": "Kingsport" },
    { "VALUE": "1665", "LABEL": "Knoxville" },
    { "VALUE": "1666", "LABEL": "Lebanon" },
    { "VALUE": "1667", "LABEL": "Maryville" },
    { "VALUE": "1668", "LABEL": "Memphis" },
    { "VALUE": "1669", "LABEL": "Morristown" },
    { "VALUE": "1670", "LABEL": "Murfreesboro" },
    { "VALUE": "1671", "LABEL": "Nashville" },
    { "VALUE": "1672", "LABEL": "Norris" },
    { "VALUE": "1673", "LABEL": "Oak Ridge" },
    { "VALUE": "1674", "LABEL": "Shelbyville" },
    { "VALUE": "1675", "LABEL": "Tullahoma" },
    { "VALUE": "1676", "LABEL": "Abilene" },
    { "VALUE": "1677", "LABEL": "Alpine" },
    { "VALUE": "1678", "LABEL": "Amarillo" },
    { "VALUE": "1679", "LABEL": "Arlington" },
    { "VALUE": "1680", "LABEL": "Austin" },
    { "VALUE": "1681", "LABEL": "Baytown" },
    { "VALUE": "1682", "LABEL": "Beaumont" },
    { "VALUE": "1683", "LABEL": "Big Spring" },
    { "VALUE": "1684", "LABEL": "Borger" },
    { "VALUE": "1685", "LABEL": "Brownsville" },
    { "VALUE": "1686", "LABEL": "Bryan" },
    { "VALUE": "1687", "LABEL": "Canyon" },
    { "VALUE": "1688", "LABEL": "Cleburne" },
    { "VALUE": "1689", "LABEL": "College Station" },
    { "VALUE": "1690", "LABEL": "Corpus Christi" },
    { "VALUE": "1691", "LABEL": "Crystal City" },
    { "VALUE": "1692", "LABEL": "Dallas" },
    { "VALUE": "1693", "LABEL": "Del Rio" },
    { "VALUE": "1694", "LABEL": "Denison" },
    { "VALUE": "1695", "LABEL": "Denton" },
    { "VALUE": "1696", "LABEL": "Eagle Pass" },
    { "VALUE": "1697", "LABEL": "Edinburg" },
    { "VALUE": "1698", "LABEL": "El Paso" },
    { "VALUE": "1699", "LABEL": "Fort Worth" },
    { "VALUE": "1700", "LABEL": "Freeport" },
    { "VALUE": "1701", "LABEL": "Galveston" },
    { "VALUE": "1702", "LABEL": "Garland" },
    { "VALUE": "1703", "LABEL": "Goliad" },
    { "VALUE": "1704", "LABEL": "Greenville" },
    { "VALUE": "1705", "LABEL": "Harlingen" },
    { "VALUE": "1706", "LABEL": "Houston" },
    { "VALUE": "1707", "LABEL": "Huntsville" },
    { "VALUE": "1708", "LABEL": "Irving" },
    { "VALUE": "1709", "LABEL": "Johnson City" },
    { "VALUE": "1710", "LABEL": "Kilgore" },
    { "VALUE": "1711", "LABEL": "Killeen" },
    { "VALUE": "1712", "LABEL": "Kingsville" },
    { "VALUE": "1713", "LABEL": "Laredo" },
    { "VALUE": "1714", "LABEL": "Longview" },
    { "VALUE": "1715", "LABEL": "Lubbock" },
    { "VALUE": "1716", "LABEL": "Lufkin" },
    { "VALUE": "1717", "LABEL": "Marshall" },
    { "VALUE": "1718", "LABEL": "McAllen" },
    { "VALUE": "1719", "LABEL": "McKinney" },
    { "VALUE": "1720", "LABEL": "Mesquite" },
    { "VALUE": "1721", "LABEL": "Midland" },
    { "VALUE": "1722", "LABEL": "Mission" },
    { "VALUE": "1723", "LABEL": "Nacogdoches" },
    { "VALUE": "1724", "LABEL": "New Braunfels" },
    { "VALUE": "1725", "LABEL": "Odessa" },
    { "VALUE": "1726", "LABEL": "Orange" },
    { "VALUE": "1727", "LABEL": "Pampa" },
    { "VALUE": "1728", "LABEL": "Paris" },
    { "VALUE": "1729", "LABEL": "Pasadena" },
    { "VALUE": "1730", "LABEL": "Pecos" },
    { "VALUE": "1731", "LABEL": "Pharr" },
    { "VALUE": "1732", "LABEL": "Plainview" },
    { "VALUE": "1733", "LABEL": "Plano" },
    { "VALUE": "1734", "LABEL": "Port Arthur" },
    { "VALUE": "1735", "LABEL": "Port Lavaca" },
    { "VALUE": "1736", "LABEL": "Richardson" },
    { "VALUE": "1737", "LABEL": "San Angelo" },
    { "VALUE": "1738", "LABEL": "San Antonio" },
    { "VALUE": "1739", "LABEL": "San Felipe" },
    { "VALUE": "1740", "LABEL": "San Marcos" },
    { "VALUE": "1741", "LABEL": "Sherman" },
    { "VALUE": "1742", "LABEL": "Sweetwater" },
    { "VALUE": "1743", "LABEL": "Temple" },
    { "VALUE": "1744", "LABEL": "Texarkana" },
    { "VALUE": "1745", "LABEL": "Texas City" },
    { "VALUE": "1746", "LABEL": "Tyler" },
    { "VALUE": "1747", "LABEL": "Uvalde" },
    { "VALUE": "1748", "LABEL": "Victoria" },
    { "VALUE": "1749", "LABEL": "Waco" },
    { "VALUE": "1750", "LABEL": "Weatherford" },
    { "VALUE": "1751", "LABEL": "Wichita Falls" },
    { "VALUE": "1752", "LABEL": "Ysleta" },
    { "VALUE": "1753", "LABEL": "Alta" },
    { "VALUE": "1754", "LABEL": "American Fork" },
    { "VALUE": "1755", "LABEL": "Bountiful" },
    { "VALUE": "1756", "LABEL": "Brigham City" },
    { "VALUE": "1757", "LABEL": "Cedar City" },
    { "VALUE": "1758", "LABEL": "Clearfield" },
    { "VALUE": "1759", "LABEL": "Delta" },
    { "VALUE": "1760", "LABEL": "Fillmore" },
    { "VALUE": "1761", "LABEL": "Green River" },
    { "VALUE": "1762", "LABEL": "Heber City" },
    { "VALUE": "1763", "LABEL": "Kanab" },
    { "VALUE": "1764", "LABEL": "Layton" },
    { "VALUE": "1765", "LABEL": "Lehi" },
    { "VALUE": "1766", "LABEL": "Logan" },
    { "VALUE": "1767", "LABEL": "Manti" },
    { "VALUE": "1768", "LABEL": "Moab" },
    { "VALUE": "1769", "LABEL": "Monticello" },
    { "VALUE": "1770", "LABEL": "Murray" },
    { "VALUE": "1771", "LABEL": "Nephi" },
    { "VALUE": "1772", "LABEL": "Ogden" },
    { "VALUE": "1773", "LABEL": "Orderville" },
    { "VALUE": "1774", "LABEL": "Orem" },
    { "VALUE": "1775", "LABEL": "Panguitch" },
    { "VALUE": "1776", "LABEL": "Park City" },
    { "VALUE": "1777", "LABEL": "Payson" },
    { "VALUE": "1778", "LABEL": "Price" },
    { "VALUE": "1779", "LABEL": "Provo" },
    { "VALUE": "1780", "LABEL": "Saint George" },
    { "VALUE": "1781", "LABEL": "Salt Lake City" },
    { "VALUE": "1782", "LABEL": "Spanish Fork" },
    { "VALUE": "1783", "LABEL": "Springville" },
    { "VALUE": "1784", "LABEL": "Tooele" },
    { "VALUE": "1785", "LABEL": "Vernal" },
    { "VALUE": "1786", "LABEL": "Barre" },
    { "VALUE": "1787", "LABEL": "Bellows Falls" },
    { "VALUE": "1788", "LABEL": "Bennington" },
    { "VALUE": "1789", "LABEL": "Brattleboro" },
    { "VALUE": "1790", "LABEL": "Burlington" },
    { "VALUE": "1791", "LABEL": "Essex" },
    { "VALUE": "1792", "LABEL": "Manchester" },
    { "VALUE": "1793", "LABEL": "Middlebury" },
    { "VALUE": "1794", "LABEL": "Montpelier" },
    { "VALUE": "1795", "LABEL": "Newport" },
    { "VALUE": "1796", "LABEL": "Plymouth" },
    { "VALUE": "1797", "LABEL": "Rutland" },
    { "VALUE": "1798", "LABEL": "Saint Albans" },
    { "VALUE": "1799", "LABEL": "Saint Johnsbury" },
    { "VALUE": "1800", "LABEL": "Sharon" },
    { "VALUE": "1801", "LABEL": "Winooski" },
    { "VALUE": "1802", "LABEL": "Abingdon" },
    { "VALUE": "1803", "LABEL": "Alexandria" },
    { "VALUE": "1804", "LABEL": "Bristol" },
    { "VALUE": "1805", "LABEL": "Charlottesville" },
    { "VALUE": "1806", "LABEL": "Chesapeake" },
    { "VALUE": "1807", "LABEL": "Danville" },
    { "VALUE": "1808", "LABEL": "Fairfax" },
    { "VALUE": "1809", "LABEL": "Falls Church" },
    { "VALUE": "1810", "LABEL": "Fredericksburg" },
    { "VALUE": "1811", "LABEL": "Hampton" },
    { "VALUE": "1812", "LABEL": "Hanover" },
    { "VALUE": "1813", "LABEL": "Hopewell" },
    { "VALUE": "1814", "LABEL": "Lexington" },
    { "VALUE": "1815", "LABEL": "Lynchburg" },
    { "VALUE": "1816", "LABEL": "Manassas" },
    { "VALUE": "1817", "LABEL": "Martinsville" },
    { "VALUE": "1818", "LABEL": "New Market" },
    { "VALUE": "1819", "LABEL": "Newport News" },
    { "VALUE": "1820", "LABEL": "Norfolk" },
    { "VALUE": "1821", "LABEL": "Petersburg" },
    { "VALUE": "1822", "LABEL": "Portsmouth" },
    { "VALUE": "1823", "LABEL": "Reston" },
    { "VALUE": "1824", "LABEL": "Richmond" },
    { "VALUE": "1825", "LABEL": "Roanoke" },
    { "VALUE": "1826", "LABEL": "Staunton" },
    { "VALUE": "1827", "LABEL": "Suffolk" },
    { "VALUE": "1828", "LABEL": "Virginia Beach" },
    { "VALUE": "1829", "LABEL": "Waynesboro" },
    { "VALUE": "1830", "LABEL": "Williamsburg" },
    { "VALUE": "1831", "LABEL": "Winchester" },
    { "VALUE": "1832", "LABEL": "Aberdeen" },
    { "VALUE": "1833", "LABEL": "Anacortes" },
    { "VALUE": "1834", "LABEL": "Auburn" },
    { "VALUE": "1835", "LABEL": "Bellevue" },
    { "VALUE": "1836", "LABEL": "Bellingham" },
    { "VALUE": "1837", "LABEL": "Bremerton" },
    { "VALUE": "1838", "LABEL": "Centralia" },
    { "VALUE": "1839", "LABEL": "Coulee Dam" },
    { "VALUE": "1840", "LABEL": "Coupeville" },
    { "VALUE": "1841", "LABEL": "Ellensburg" },
    { "VALUE": "1842", "LABEL": "Ephrata" },
    { "VALUE": "1843", "LABEL": "Everett" },
    { "VALUE": "1844", "LABEL": "Hoquiam" },
    { "VALUE": "1845", "LABEL": "Kelso" },
    { "VALUE": "1846", "LABEL": "Kennewick" },
    { "VALUE": "1847", "LABEL": "Longview" },
    { "VALUE": "1848", "LABEL": "Moses Lake" },
    { "VALUE": "1849", "LABEL": "Oak Harbor" },
    { "VALUE": "1850", "LABEL": "Olympia" },
    { "VALUE": "1851", "LABEL": "Pasco" },
    { "VALUE": "1852", "LABEL": "Point Roberts" },
    { "VALUE": "1853", "LABEL": "Port Angeles" },
    { "VALUE": "1854", "LABEL": "Pullman" },
    { "VALUE": "1855", "LABEL": "Puyallup" },
    { "VALUE": "1856", "LABEL": "Redmond" },
    { "VALUE": "1857", "LABEL": "Renton" },
    { "VALUE": "1858", "LABEL": "Richland" },
    { "VALUE": "1859", "LABEL": "Seattle" },
    { "VALUE": "1860", "LABEL": "Spokane" },
    { "VALUE": "1861", "LABEL": "Tacoma" },
    { "VALUE": "1862", "LABEL": "Vancouver" },
    { "VALUE": "1863", "LABEL": "Walla Walla" },
    { "VALUE": "1864", "LABEL": "Wenatchee" },
    { "VALUE": "1865", "LABEL": "Yakima" },
    { "VALUE": "1866", "LABEL": "Bath" },
    { "VALUE": "1867", "LABEL": "Beckley" },
    { "VALUE": "1868", "LABEL": "Bluefield" },
    { "VALUE": "1869", "LABEL": "Buckhannon" },
    { "VALUE": "1870", "LABEL": "Charles Town" },
    { "VALUE": "1871", "LABEL": "Charleston" },
    { "VALUE": "1872", "LABEL": "Clarksburg" },
    { "VALUE": "1873", "LABEL": "Elkins" },
    { "VALUE": "1874", "LABEL": "Fairmont" },
    { "VALUE": "1875", "LABEL": "Grafton" },
    { "VALUE": "1876", "LABEL": "Harpers Ferry" },
    { "VALUE": "1877", "LABEL": "Hillsboro" },
    { "VALUE": "1878", "LABEL": "Hinton" },
    { "VALUE": "1879", "LABEL": "Huntington" },
    { "VALUE": "1880", "LABEL": "Keyser" },
    { "VALUE": "1881", "LABEL": "Lewisburg" },
    { "VALUE": "1882", "LABEL": "Logan" },
    { "VALUE": "1883", "LABEL": "Martinsburg" },
    { "VALUE": "1884", "LABEL": "Morgantown" },
    { "VALUE": "1885", "LABEL": "Moundsville" },
    { "VALUE": "1886", "LABEL": "New Martinsville" },
    { "VALUE": "1887", "LABEL": "Parkersburg" },
    { "VALUE": "1888", "LABEL": "Philippi" },
    { "VALUE": "1889", "LABEL": "Point Pleasant" },
    { "VALUE": "1890", "LABEL": "Princeton" },
    { "VALUE": "1891", "LABEL": "Romney" },
    { "VALUE": "1892", "LABEL": "Shepherdstown" },
    { "VALUE": "1893", "LABEL": "South Charleston" },
    { "VALUE": "1894", "LABEL": "Summersville" },
    { "VALUE": "1895", "LABEL": "Weirton" },
    { "VALUE": "1896", "LABEL": "Welch" },
    { "VALUE": "1897", "LABEL": "Wellsburg" },
    { "VALUE": "1898", "LABEL": "Weston" },
    { "VALUE": "1899", "LABEL": "Wheeling" },
    { "VALUE": "1900", "LABEL": "White Sulphur Springs" },
    { "VALUE": "1901", "LABEL": "Williamson" },
    { "VALUE": "1902", "LABEL": "Appleton" },
    { "VALUE": "1903", "LABEL": "Ashland" },
    { "VALUE": "1904", "LABEL": "Baraboo" },
    { "VALUE": "1905", "LABEL": "Belmont" },
    { "VALUE": "1906", "LABEL": "Beloit" },
    { "VALUE": "1907", "LABEL": "Eau Claire" },
    { "VALUE": "1908", "LABEL": "Fond du Lac" },
    { "VALUE": "1909", "LABEL": "Green Bay" },
    { "VALUE": "1910", "LABEL": "Hayward" },
    { "VALUE": "1911", "LABEL": "Janesville" },
    { "VALUE": "1912", "LABEL": "Kenosha" },
    { "VALUE": "1913", "LABEL": "La Crosse" },
    { "VALUE": "1914", "LABEL": "Lake Geneva" },
    { "VALUE": "1915", "LABEL": "Madison" },
    { "VALUE": "1916", "LABEL": "Manitowoc" },
    { "VALUE": "1917", "LABEL": "Marinette" },
    { "VALUE": "1918", "LABEL": "Menasha" },
    { "VALUE": "1919", "LABEL": "Milwaukee" },
    { "VALUE": "1920", "LABEL": "Neenah" },
    { "VALUE": "1921", "LABEL": "New Glarus" },
    { "VALUE": "1922", "LABEL": "Oconto" },
    { "VALUE": "1923", "LABEL": "Oshkosh" },
    { "VALUE": "1924", "LABEL": "Peshtigo" },
    { "VALUE": "1925", "LABEL": "Portage" },
    { "VALUE": "1926", "LABEL": "Prairie du Chien" },
    { "VALUE": "1927", "LABEL": "Racine" },
    { "VALUE": "1928", "LABEL": "Rhinelander" },
    { "VALUE": "1929", "LABEL": "Ripon" },
    { "VALUE": "1930", "LABEL": "Sheboygan" },
    { "VALUE": "1931", "LABEL": "Spring Green" },
    { "VALUE": "1932", "LABEL": "Stevens Point" },
    { "VALUE": "1933", "LABEL": "Sturgeon Bay" },
    { "VALUE": "1934", "LABEL": "Superior" },
    { "VALUE": "1935", "LABEL": "Waukesha" },
    { "VALUE": "1936", "LABEL": "Wausau" },
    { "VALUE": "1937", "LABEL": "Wauwatosa" },
    { "VALUE": "1938", "LABEL": "West Allis" },
    { "VALUE": "1939", "LABEL": "West Bend" },
    { "VALUE": "1940", "LABEL": "Wisconsin Dells" },
    { "VALUE": "1941", "LABEL": "Buffalo" },
    { "VALUE": "1942", "LABEL": "Casper" },
    { "VALUE": "1943", "LABEL": "Cheyenne" },
    { "VALUE": "1944", "LABEL": "Cody" },
    { "VALUE": "1945", "LABEL": "Douglas" },
    { "VALUE": "1946", "LABEL": "Evanston" },
    { "VALUE": "1947", "LABEL": "Gillette" },
    { "VALUE": "1948", "LABEL": "Green River" },
    { "VALUE": "1949", "LABEL": "Jackson" },
    { "VALUE": "1950", "LABEL": "Lander" },
    { "VALUE": "1951", "LABEL": "Laramie" },
    { "VALUE": "1952", "LABEL": "Newcastle" },
    { "VALUE": "1953", "LABEL": "Powell" },
    { "VALUE": "1954", "LABEL": "Rawlins" },
    { "VALUE": "1955", "LABEL": "Riverton" },
    { "VALUE": "1956", "LABEL": "Rock Springs" },
    { "VALUE": "1957", "LABEL": "Sheridan" },
    { "VALUE": "1958", "LABEL": "Ten Sleep" },
    { "VALUE": "1959", "LABEL": "Thermopolis" },
    { "VALUE": "1960", "LABEL": "Torrington" },
    { "VALUE": "1961", "LABEL": "Worland" }
]
